-75,9.3912,1
-60,13.452,1
-45,-13.849,1
-60,-15.472,1
-75,-2.378,1
-75,4.5757,1
-60,14.606,1
-45,-35.554,1
-60,-0.36116,1
-75,6.2691,1
-75,3.0896,1
-60,-15.359,1
-45,-35.888,1
-60,-32.045,1
-75,1.1975,1
-60,4.7554,1
-45,-46.705,1
-30,-16.139,1
-45,8.791,1
-60,-10.763,1
-60,3.6285,1
-45,3.2782,1
-30,-25.43,1
-45,-7.677,1
-60,-6.9179,1
-60,11.023,1
-45,-5.3177,1
-30,-21.333,1
-45,-41.306,1
-60,2.7241,1
-45,-1.9612,1
-30,-6.5324,1
-27,-33.535,1
-30,-24.438,1
-45,-1.752,1
-45,2.4048,1
-30,7.3639,1
-27,-22.497,1
-30,8.9687,1
-45,-8.8034,1
-45,9.4998,1
-30,9.3301,1
-27,-7.9177,1
-30,-14.576,1
-45,-8.3188,1
-30,-18.7,1
-27,-3.6316,1
-24,-15.767,1
-27,-24.389,1
-30,-10.613,1
-30,6.3815,1
-27,6.604,1
-24,-13.839,1
-27,5.9563,1
-30,-11.401,1
-30,11.169,1
-27,7.6078,1
-24,-21.722,1
-27,-15.984,1
-30,-12.612,1
-27,8.4373,1
-24,19.209,1
-21,-18.542,1
-24,-28.627,1
-27,-8.7656,1
-27,-1.1781,1
-24,22.84,1
-21,-8.6554,1
-24,-17.415,1
-27,-23.708,1
-27,-15.691,1
-24,4.9339,1
-21,-14.484,1
-24,-0.34539,1
-27,-4.1013,1
-24,6.1506,1
-21,2.0167,1
-18,18.649,1
-21,8.1591,1
-24,-2.1598,1
-24,8.4734,1
-21,3.3207,1
-18,-10.968,1
-21,-15.111,1
-24,-9.5606,1
-24,5.4796,1
-21,-19.717,1
-18,-0.51818,1
-21,4.1415,1
-24,-25.329,1
-21,-2.6903,1
-18,-3.6342,1
-15,-12.046,1
-18,-15.137,1
-21,-5.8352,1
-21,-5.2326,1
-18,-22.357,1
-15,-13.277,1
-18,1.9145,1
-21,-0.59862,1
-21,8.9172,1
-18,-18.45,1
-15,-0.402,1
-18,-15.057,1
-21,-11.099,1
-18,-1.4031,1
-15,23.025,1
-12,0.88756,1
-15,-15.238,1
-18,-8.3853,1
-18,6.302,1
-15,-14.831,1
-12,-11.982,1
-15,-14.889,1
-18,-18.944,1
-18,-8.1516,1
-15,-13.231,1
-12,-6.796,1
-15,-14.63,1
-18,-15.576,1
-15,2.0221,1
-12,-10.21,1
-9,-6.3509,1
-12,-7.3566,1
-15,-3.9449,1
-15,2.5039,1
-12,-10.307,1
-9,-5.2802,1
-12,-7.5213,1
-15,-14.166,1
-15,12.452,1
-12,-12.322,1
-9,-8.2239,1
-12,-11.206,1
-15,-17.296,1
-12,12.084,1
-9,-9.5804,1
-6,-8.2439,1
-9,-8.6297,1
-12,-9.5678,1
-12,-8.6781,1
-9,-8.0392,1
-6,-3.0518,1
-9,-8.5007,1
-12,0.9073,1
-12,6.6949,1
-9,-6.3422,1
-6,-4.0754,1
-9,-6.1168,1
-12,-11.969,1
-9,2.9434,1
-6,-5.2215,1
-3,-2.326,1
-6,-6.2038,1
-9,5.7531,1
-9,-4.9109,1
-6,-2.1773,1
-3,-3.5961,1
-6,-8.4142,1
-9,-11.946,1
-9,5.3299,1
-6,2.5759,1
-3,-0.023026,1
-6,-7.6898,1
-9,-8.4517,1
-6,0.23563,1
-3,-1.9905,1
0,0.017594,1
-3,-3.5213,1
-6,-6.4692,1
-6,-1.6949,1
-3,-4.7998,1
0,0.28474,1
-3,-5.4108,1
-6,-6.8783,1
-6,-2.0048,1
-3,-2.0333,1
0,-0.52287,1
-3,-2.3173,1
-6,-7.926,1
-3,-4.534,1
-0,-2.6265,1
0,0.44839,1
0,-0.73831,1
-3,4.1673,1
-3,5.2623,1
-0,-4.5214,1
3,0.75403,1
0,-3.8981,1
-3,-4.0344,1
-3,-5.5418,1
-0,3.9232,1
3,1.9099,1
0,-2.2611,1
-3,-0.48855,1
-0,14.405,1
3,8.4439,1
3,3.349,1
3,7.2633,1
0,-6.2307,1
-0,2.0472,1
3,0.41094,1
6,6.9154,1
3,3.853,1
0,-3.3085,1
-0,-0.58011,1
3,-0.24329,1
6,7.4504,1
3,4.3903,1
0,-2.9861,1
3,5.9096,1
6,3.2412,1
6,-9.0367,1
6,3.0452,1
3,-0.40293,1
3,3.1255,1
6,1.321,1
9,7.0902,1
6,2.7191,1
3,-1.9335,1
3,1.7062,1
6,5.4963,1
9,6.0255,1
6,3.705,1
3,-4.8378,1
6,3.4053,1
9,5.0878,1
9,6.8414,1
9,1.909,1
6,-0.13397,1
6,6.1192,1
9,2.2303,1
12,11.231,1
9,9.7393,1
6,1.0625,1
6,2.6932,1
9,7.9539,1
12,10.061,1
9,5.9732,1
6,0.75421,1
9,3.6193,1
12,10.615,1
12,6.674,1
12,9.2077,1
9,1.3774,1
9,3.1967,1
12,10.836,1
15,-0.094179,1
12,-3.3203,1
9,2.8281,1
9,5.546,1
12,7.9086,1
15,14.317,1
12,11.954,1
9,1.8974,1
12,-2.4322,1
15,1.9338,1
15,12.594,1
15,6.902,1
12,3.5718,1
12,3.5174,1
15,8.2331,1
18,-8.831,1
15,11.719,1
12,4.4906,1
12,6.6793,1
15,10.53,1
18,15.611,1
15,9.8755,1
12,1.645,1
15,10.012,1
18,-1.0735,1
18,-18.257,1
18,12.446,1
15,1.1826,1
15,4.3385,1
18,13.958,1
21,-8.4408,1
18,18.712,1
15,2.0662,1
15,-6.5706,1
18,10.855,1
21,7.6512,1
18,14.64,1
15,3.5967,1
NaN,NaN,1
21,10.229,1
21,14.406,1
21,14.335,1
NaN,NaN,1
NaN,NaN,1
21,8.0269,1
24,21.573,1
21,13.552,1
NaN,NaN,1
NaN,NaN,1
21,13.658,1
24,15.726,1
21,15.393,1
NaN,NaN,1
NaN,NaN,1
24,19.286,1
24,21.244,1
24,18.119,1
NaN,NaN,1
NaN,NaN,1
24,10.239,1
27,21.491,1
24,17.55,1
NaN,NaN,1
NaN,NaN,1
24,7.7653,1
27,21.107,1
24,2.2589,1
NaN,NaN,1
NaN,NaN,1
27,18.45,1
27,20.522,1
27,14.583,1
NaN,NaN,1
NaN,NaN,1
27,17.977,1
30,-3.441,1
27,12.144,1
NaN,NaN,1
NaN,NaN,1
27,7.4789,1
30,29.181,1
27,9.5206,1
NaN,NaN,1
NaN,NaN,1
30,23.161,1
30,23.493,1
30,15.767,1
NaN,NaN,1
NaN,NaN,1
30,16.73,1
45,17.624,1
30,12.161,1
NaN,NaN,1
NaN,NaN,1
30,-0.43386,1
45,-6.0511,1
30,17.273,1
NaN,NaN,1
NaN,NaN,1
NaN,NaN,1
45,34.016,1
NaN,NaN,1
NaN,NaN,1
NaN,NaN,1
NaN,NaN,1
NaN,NaN,1
NaN,NaN,1
NaN,NaN,1
-75,-1.0707,2
-60,3.1732,2
-45,-0.12693,2
-60,-56.789,2
-75,-69.472,2
-75,2.201,2
-60,6.1348,2
-45,-1.997,2
-60,2.9817,2
-75,-0.24759,2
-75,10.685,2
-60,6.0453,2
-45,-4.6738,2
-60,-2.0176,2
-75,2.9399,2
-60,-2.7255,2
-45,5.1017,2
-30,3.3122,2
-45,-0.07152,2
-60,-6.0777,2
-60,0.28634,2
-45,1.9202,2
-30,-2.8544,2
-45,-3.2721,2
-60,-3.1797,2
-60,4.284,2
-45,-5.4381,2
-30,-5.9998,2
-45,-1.1841,2
-60,-0.43141,2
-45,1.5367,2
-30,-0.78219,2
-27,-4.1536,2
-30,0.78289,2
-45,0.12851,2
-45,2.707,2
-30,0.8541,2
-27,4.7325,2
-30,-1.1918,2
-45,-0.323,2
-45,3.0025,2
-30,6.2174,2
-27,-6.2445,2
-30,-4.4912,2
-45,-1.7867,2
-30,4.7107,2
-27,-26.71,2
-24,-4.9002,2
-27,-26.646,2
-30,5.3485,2
-30,3.1862,2
-27,2.1658,2
-24,-3.7781,2
-27,1.3671,2
-30,-0.81879,2
-30,4.9969,2
-27,-6.8814,2
-24,-10.161,2
-27,-2.2752,2
-30,-0.086821,2
-27,-7.8238,2
-24,-6.9114,2
-21,-5.356,2
-24,-5.2531,2
-27,-3.0648,2
-27,5.453,2
-24,-2.4665,2
-21,-0.63703,2
-24,0.767,2
-27,-0.82096,2
-27,0.76769,2
-24,0.13941,2
-21,-2.5357,2
-24,-4.1023,2
-27,-0.29079,2
-24,-4.908,2
-21,-19.994,2
-18,-0.75181,2
-21,-0.4214,2
-24,-23.68,2
-24,-1.3917,2
-21,-1.0182,2
-18,-0.20362,2
-21,-4.118,2
-24,-1.4487,2
-24,-4.7714,2
-21,3.1754,2
-18,-6.629,2
-21,-1.0238,2
-24,-6.8593,2
-21,-2.8254,2
-18,-0.099571,2
-15,-3.9023,2
-18,-4.419,2
-21,-21.148,2
-21,-4.3209,2
-18,3.1159,2
-15,-5.5297,2
-18,-2.8808,2
-21,-22.668,2
-21,-1.7452,2
-18,4.5261,2
-15,-1.0642,2
-18,-3.9155,2
-21,-0.80567,2
-18,-1.1251,2
-15,-14.726,2
-12,-8.529,2
-15,-15.367,2
-18,-17.958,2
-18,2.966,2
-15,-14.816,2
-12,0.65473,2
-15,2.5245,2
-18,0.13797,2
-18,1.2843,2
-15,0.44606,2
-12,1.5646,2
-15,2.0077,2
-18,-1.4904,2
-15,-2.2821,2
-12,-11.82,2
-9,-5.3879,2
-12,2.9926,2
-15,-16.042,2
-15,-0.18387,2
-12,1.1828,2
-9,0.75386,2
-12,-3.3458,2
-15,1.4743,2
-15,-1.4126,2
-12,4.3862,2
-9,-0.75781,2
-12,-3.6061,2
-15,-11.749,2
-12,-11.069,2
-9,-5.6318,2
-6,4.6355,2
-9,5.5356,2
-12,-12.855,2
-12,1.5909,2
-9,6.7658,2
-6,4.3369,2
-9,2.7138,2
-12,3.52,2
-12,3.8262,2
-9,-6.0371,2
-6,0.84578,2
-9,-1.3459,2
-12,0.84494,2
-9,-1.6512,2
-6,-3.8956,2
-3,-2.3959,2
-6,-1.9499,2
-9,-11.117,2
-9,-8.9825,2
-6,-5.5175,2
-3,-1.3416,2
-6,-2.0826,2
-9,7.8059,2
-9,-6.9488,2
-6,5.618,2
-3,-0.90199,2
-6,1.7582,2
-9,9.1668,2
-6,-6.657,2
-3,-5.1553,2
0,0.094588,2
-3,-4.0925,2
-6,-0.057805,2
-6,-6.8475,2
-3,-0.40841,2
0,-8.3616,2
-3,-5.5501,2
-6,-4.2459,2
-6,-5.1406,2
-3,3.529,2
0,0.2946,2
-3,-3.4018,2
-6,-5.3814,2
-3,-2.276,2
-0,0.26668,2
0,-0.20284,2
0,-1.8625,2
-3,-4.7899,2
-3,-3.1092,2
-0,-1.0705,2
3,3.3202,2
0,-1.2765,2
-3,-4.2027,2
-3,-2.0707,2
-0,0.24225,2
3,2.5935,2
0,-1.0085,2
-3,-4.7746,2
-0,-4.9345,2
3,1.6718,2
3,2.3975,2
3,1.2684,2
0,0.39653,2
-0,-6.1612,2
3,0.88362,2
6,4.2506,2
3,-0.84802,2
0,-5.3311,2
-0,-3.8764,2
3,-0.16685,2
6,-0.77299,2
3,-0.19197,2
0,-4.781,2
3,1.9365,2
6,2.9667,2
6,2.7383,2
6,3.1127,2
3,-0.285,2
3,1.6242,2
6,1.1306,2
9,-0.24135,2
6,1.5994,2
3,4.8575,2
3,-6.9082,2
6,-1.8426,2
9,7.5613,2
6,4.5557,2
3,-1.9881,2
6,-4.2431,2
9,-4.135,2
9,6.4965,2
9,2.6191,2
6,2.7094,2
6,-8.3484,2
9,2.8685,2
12,12.112,2
9,4.2369,2
6,-3.2099,2
6,1.5661,2
9,8.3096,2
12,3.6169,2
9,2.8105,2
6,2.7072,2
9,7.4339,2
12,5.9833,2
12,4.8711,2
12,10.44,2
9,2.1561,2
9,1.5496,2
12,2.4707,2
15,2.1507,2
12,3.3486,2
9,3.4249,2
9,0.1753,2
12,3.3182,2
15,-0.9581,2
12,8.1629,2
9,1.335,2
12,8.2863,2
15,5.9053,2
15,-5.8119,2
15,14.328,2
12,6.1106,2
12,1.3035,2
15,8.0865,2
18,11.805,2
15,5.2229,2
12,5.0135,2
12,1.7391,2
15,0.39041,2
18,1.8495,2
15,11.274,2
12,5.3137,2
15,10.043,2
18,9.7799,2
18,6.6254,2
18,11.922,2
15,5.2285,2
15,2.0383,2
18,2.5384,2
21,1.5372,2
18,10.506,2
15,7.6957,2
15,8.9211,2
18,8.4226,2
21,2.642,2
18,13.143,2
15,6.2778,2
NaN,NaN,2
21,0.66845,2
21,6.3071,2
21,5.1658,2
NaN,NaN,2
NaN,NaN,2
21,0.43595,2
24,23.018,2
21,10.435,2
NaN,NaN,2
NaN,NaN,2
21,10.001,2
24,13.69,2
21,9.0379,2
NaN,NaN,2
NaN,NaN,2
24,3.3331,2
24,8.7555,2
24,13.355,2
NaN,NaN,2
NaN,NaN,2
24,2.9338,2
27,25.108,2
24,11.626,2
NaN,NaN,2
NaN,NaN,2
24,-2.5306,2
27,-0.37544,2
24,3.5372,2
NaN,NaN,2
NaN,NaN,2
27,11.432,2
27,-7.2917,2
27,20.683,2
NaN,NaN,2
NaN,NaN,2
27,16.752,2
30,4.3222,2
27,11.884,2
NaN,NaN,2
NaN,NaN,2
27,2.1769,2
30,-3.3885,2
27,12.204,2
NaN,NaN,2
NaN,NaN,2
30,4.6353,2
30,4.3838,2
30,5.301,2
NaN,NaN,2
NaN,NaN,2
30,-1.1185,2
45,42.879,2
30,16.295,2
NaN,NaN,2
NaN,NaN,2
30,1.3813,2
45,11.944,2
30,4.6926,2
NaN,NaN,2
NaN,NaN,2
NaN,NaN,2
45,-6.4128,2
NaN,NaN,2
NaN,NaN,2
NaN,NaN,2
NaN,NaN,2
NaN,NaN,2
NaN,NaN,2
NaN,NaN,2
-75,6.3071,3
-60,-0.40355,3
-45,3.1235,3
-60,2.3361,3
-75,-2.0448,3
-75,-0.2136,3
-60,-1.5732,3
-45,2.0219,3
-60,3.5346,3
-75,-1.1413,3
-75,-8.7259,3
-60,2.2941,3
-45,1.601,3
-60,-10.671,3
-75,6.1054,3
-60,-2.3799,3
-45,0.98428,3
-30,0.24141,3
-45,-8.2744,3
-60,3.154,3
-60,-3.3863,3
-45,-6.4867,3
-30,-4.8438,3
-45,2.8151,3
-60,-3.6605,3
-60,-3.1645,3
-45,-5.3159,3
-30,-5.2064,3
-45,4.4668,3
-60,-2.5005,3
-45,-1.8303,3
-30,1.5598,3
-27,0.32815,3
-30,-0.035886,3
-45,2.243,3
-45,-7.8546,3
-30,-2.2179,3
-27,-3.8707,3
-30,2.3887,3
-45,-1.1629,3
-45,-4.6075,3
-30,0.26372,3
-27,0.64453,3
-30,2.6583,3
-45,0.48749,3
-30,-4.2359,3
-27,-4.5037,3
-24,-4.0643,3
-27,-1.1801,3
-30,6.6862,3
-30,-2.1471,3
-27,-1.7831,3
-24,-21.284,3
-27,4.2993,3
-30,-2.9026,3
-30,-9.1367,3
-27,2.1556,3
-24,-4.6885,3
-27,-1.2596,3
-30,-8.4991,3
-27,-0.55814,3
-24,-4.9071,3
-21,1.1861,3
-24,-3.7361,3
-27,-2.4447,3
-27,-3.1627,3
-24,-0.29995,3
-21,-16.644,3
-24,3.1539,3
-27,-0.015351,3
-27,1.8567,3
-24,-1.9342,3
-21,-0.7049,3
-24,-1.0179,3
-27,-2.6376,3
-24,1.2076,3
-21,-2.7492,3
-18,0.46665,3
-21,2.1451,3
-24,2.9826,3
-24,-1.9227,3
-21,5.8666,3
-18,-6.4024,3
-21,-8.8817,3
-24,-2.1907,3
-24,-4.1336,3
-21,2.1698,3
-18,-3.6726,3
-21,-1.0342,3
-24,1.2451,3
-21,-1.8474,3
-18,-0.81248,3
-15,1.6061,3
-18,4.2416,3
-21,1.0176,3
-21,0.51796,3
-18,-1.2059,3
-15,0.92343,3
-18,1.6384,3
-21,-0.21104,3
-21,-2.3429,3
-18,-6.2864,3
-15,2.6821,3
-18,-1.5538,3
-21,-0.65486,3
-18,3.424,3
-15,4.2162,3
-12,-3.2686,3
-15,5.1076,3
-18,-4.3833,3
-18,-1.1151,3
-15,-3.3297,3
-12,-0.52955,3
-15,5.1097,3
-18,1.213,3
-18,-4.5478,3
-15,6.115,3
-12,1.3738,3
-15,-1.9081,3
-18,3.3085,3
-15,1.8154,3
-12,7.0797,3
-9,1.4084,3
-12,1.4776,3
-15,-0.2425,3
-15,-0.16815,3
-12,-2.0104,3
-9,1.3064,3
-12,-1.3795,3
-15,0.43228,3
-15,-7.3319,3
-12,-3.7448,3
-9,4.0785,3
-12,-5.6878,3
-15,-1.2011,3
-12,1.1359,3
-9,-2.0351,3
-6,3.8982,3
-9,1.2996,3
-12,-5.1897,3
-12,-0.4681,3
-9,5.4998,3
-6,2.0625,3
-9,2.1996,3
-12,1.7658,3
-12,3.5612,3
-9,-8.118,3
-6,0.29531,3
-9,0.28215,3
-12,-1.3697,3
-9,-4.333,3
-6,2.5622,3
-3,-3.2939,3
-6,-3.8271,3
-9,0.78738,3
-9,-0.71516,3
-6,-3.1706,3
-3,-3.2781,3
-6,-2.6443,3
-9,0.32017,3
-9,3.828,3
-6,4.3332,3
-3,0.93351,3
-6,-5.9999,3
-9,-1.4162,3
-6,4.0652,3
-3,-1.569,3
0,0.67001,3
-3,-4.2942,3
-6,-2.6852,3
-6,1.8057,3
-3,-2.3536,3
0,0.79556,3
-3,3.2989,3
-6,-3.4782,3
-6,-0.10859,3
-3,3.3355,3
0,0.82281,3
-3,0.61396,3
-6,-2.3663,3
-3,-1.6199,3
-0,-0.51023,3
0,0.98892,3
0,0.27319,3
-3,-1.5614,3
-3,3.5498,3
-0,0.58141,3
3,2.1184,3
0,1.7016,3
-3,3.8576,3
-3,2.642,3
-0,-3.496,3
3,2.1674,3
0,0.46731,3
-3,-4.9314,3
-0,3.1583,3
3,-1.6305,3
3,2.2727,3
3,1.9129,3
0,-3.0513,3
-0,0.11001,3
3,-0.65196,3
6,4.5457,3
3,6.7048,3
0,-0.2137,3
-0,-1.6011,3
3,2.2337,3
6,2.4235,3
3,0.66421,3
0,-0.60857,3
3,-3.375,3
6,3.3421,3
6,0.87553,3
6,5.1158,3
3,0.57829,3
3,3.4899,3
6,3.4721,3
9,-3.1919,3
6,4.303,3
3,0.082726,3
3,0.52902,3
6,2.1267,3
9,8.5125,3
6,6.8201,3
3,-1.0938,3
6,1.4831,3
9,5.8495,3
9,7.5214,3
9,7.4041,3
6,7.2835,3
6,6.0436,3
9,8.8963,3
12,8.6319,3
9,8.0009,3
6,2.4839,3
6,1.5785,3
9,6.3828,3
12,12.976,3
9,8.1031,3
6,3.4336,3
9,4.8669,3
12,5.5679,3
12,3.9793,3
12,8.8566,3
9,6.5288,3
9,4.9321,3
12,2.4556,3
15,7.5125,3
12,9.2314,3
9,3.0447,3
9,10.065,3
12,6.0683,3
15,1.2853,3
12,11.25,3
9,6.1073,3
12,3.4731,3
15,-2.5606,3
15,16.013,3
15,14.123,3
12,6.0307,3
12,6.4228,3
15,8.0275,3
18,1.4133,3
15,7.9159,3
12,7.3646,3
12,8.9178,3
15,11.462,3
18,18.569,3
15,12.424,3
12,5.1369,3
15,7.8864,3
18,0.73787,3
18,0.41788,3
18,14.407,3
15,5.8115,3
15,5.251,3
18,11.165,3
21,18.915,3
18,11.52,3
15,4.9657,3
15,7.5781,3
18,13.51,3
21,0.95642,3
18,11.814,3
15,8.7266,3
NaN,NaN,3
21,15.625,3
21,4.7041,3
21,6.6179,3
NaN,NaN,3
NaN,NaN,3
21,14.05,3
24,23.942,3
21,9.3185,3
NaN,NaN,3
NaN,NaN,3
21,15.199,3
24,3.7669,3
21,17.688,3
NaN,NaN,3
NaN,NaN,3
24,19.657,3
24,11.751,3
24,7.7832,3
NaN,NaN,3
NaN,NaN,3
24,6.5743,3
27,4.7622,3
24,12.182,3
NaN,NaN,3
NaN,NaN,3
24,18.912,3
27,2.6443,3
24,6.9272,3
NaN,NaN,3
NaN,NaN,3
27,5.7688,3
27,1.4514,3
27,18.917,3
NaN,NaN,3
NaN,NaN,3
27,0.75544,3
30,2.7456,3
27,12.786,3
NaN,NaN,3
NaN,NaN,3
27,6.8061,3
30,1.3885,3
27,11.981,3
NaN,NaN,3
NaN,NaN,3
30,15.768,3
30,2.6216,3
30,10.3,3
NaN,NaN,3
NaN,NaN,3
30,5.0899,3
45,6.5603,3
30,13.119,3
NaN,NaN,3
NaN,NaN,3
30,15.735,3
45,3.0195,3
30,10.941,3
NaN,NaN,3
NaN,NaN,3
NaN,NaN,3
45,-0.60043,3
NaN,NaN,3
NaN,NaN,3
NaN,NaN,3
NaN,NaN,3
NaN,NaN,3
NaN,NaN,3
NaN,NaN,3
-75,4.1162,4
-60,-54.131,4
-45,-46.616,4
-60,-57.603,4
-75,3.4013,4
-75,4.7951,4
-60,-44.112,4
-45,-42.125,4
-60,10.498,4
-75,3.642,4
-75,6.7632,4
-60,5.2175,4
-45,-39.139,4
-60,-2.2118,4
-75,9.3232,4
-60,-53.279,4
-45,-39.25,4
-30,-43.378,4
-45,-52.014,4
-60,11.693,4
-60,5.9769,4
-45,-8.3094,4
-30,-26.063,4
-45,-39.749,4
-60,7.6249,4
-60,-9.8334,4
-45,-40.483,4
-30,-23.453,4
-45,-0.79286,4
-60,2.3044,4
-45,-44.674,4
-30,-29.25,4
-27,-12.965,4
-30,-27.135,4
-45,-43.418,4
-45,-1.3612,4
-30,6.2399,4
-27,-23.999,4
-30,-28.506,4
-45,4.9183,4
-45,-1.1429,4
-30,-5.1649,4
-27,-23.871,4
-30,-25.946,4
-45,4.5253,4
-30,-14.328,4
-27,-1.6221,4
-24,-22.692,4
-27,-0.89781,4
-30,15.659,4
-30,-11.883,4
-27,-2.3866,4
-24,-20.222,4
-27,5.2915,4
-30,4.1041,4
-30,-12.77,4
-27,-7.6251,4
-24,-19.311,4
-27,-24.854,4
-30,0.23402,4
-27,-0.25067,4
-24,-11.337,4
-21,-18.943,4
-24,-21.434,4
-27,-27.209,4
-27,-5.4161,4
-24,16.344,4
-21,-17.6,4
-24,2.0968,4
-27,-5.1183,4
-27,-27.199,4
-24,-5.2387,4
-21,-17.081,4
-24,-0.99419,4
-27,2.2224,4
-24,-4.9379,4
-21,-19.909,4
-18,-14.896,4
-21,12.362,4
-24,3.4214,4
-24,5.6022,4
-21,-20.537,4
-18,-14.544,4
-21,11.547,4
-24,1.4126,4
-24,-0.22714,4
-21,-7.6332,4
-18,-13.233,4
-21,-0.77637,4
-24,-6.9472,4
-21,-22.43,4
-18,-17.711,4
-15,-12.377,4
-18,-17.775,4
-21,1.945,4
-21,-0.90009,4
-18,-7.3227,4
-15,-11.684,4
-18,-3.1706,4
-21,6.975,4
-21,-11.65,4
-18,-12.263,4
-15,-11.653,4
-18,-1.8275,4
-21,-1.2069,4
-18,-5.0966,4
-15,-14.807,4
-12,-10.169,4
-15,-14.94,4
-18,-18.406,4
-18,1.5619,4
-15,-12.421,4
-12,-8.5824,4
-15,7.7874,4
-18,-11.086,4
-18,3.6483,4
-15,-14.271,4
-12,-9.8412,4
-15,-8.9435,4
-18,-10.584,4
-15,-17.065,4
-12,-12.317,4
-9,-6.2784,4
-12,-11.854,4
-15,-17.662,4
-15,12.45,4
-12,-11.064,4
-9,-8.0526,4
-12,-6.3412,4
-15,-15.781,4
-15,-10.224,4
-12,-12.219,4
-9,-6.562,4
-12,-11.757,4
-15,-6.164,4
-12,-11.24,4
-9,-10.078,4
-6,-9.1203,4
-9,-7.7028,4
-12,-8.049,4
-12,-15.342,4
-9,-11.27,4
-6,-4.7369,4
-9,-8.9808,4
-12,0.70695,4
-12,-13.418,4
-9,-10.338,4
-6,-4.9354,4
-9,4.3382,4
-12,-12.328,4
-9,-8.3531,4
-6,-2.4445,4
-3,-14.262,4
-6,-6.2243,4
-9,-11.218,4
-9,-10.008,4
-6,-5.8529,4
-3,-14.006,4
-6,-6.1684,4
-9,1.92,4
-9,-9.3704,4
-6,-7.6163,4
-3,-2.9335,4
-6,-4.1571,4
-9,-5.0485,4
-6,-5.8315,4
-3,-6.6339,4
0,0.072738,4
-3,-4.2792,4
-6,-10.283,4
-6,-9.3544,4
-3,-4.7384,4
0,0.289,4
-3,-4.5199,4
-6,6.7688,4
-6,-3.4295,4
-3,-3.4147,4
0,-0.033031,4
-3,-2.6982,4
-6,2.8215,4
-3,-3.0986,4
-0,-1.2825,4
0,-0.60822,4
0,-4.8415,4
-3,5.7706,4
-3,-7.0421,4
-0,-0.65276,4
3,3.5995,4
0,-1.2984,4
-3,7.3625,4
-3,-6.3919,4
-0,-0.49741,4
3,3.073,4
0,-0.50633,4
-3,-0.73486,4
-0,-2.8434,4
3,0.55839,4
3,2.8073,4
3,0.35943,4
0,-6.7911,4
-0,-4.1519,4
3,-2.1262,4
6,5.7462,4
3,1.0195,4
0,-3.4692,4
-0,-1.5231,4
3,1.1273,4
6,5.2166,4
3,0.49754,4
0,-4.2077,4
3,-0.60063,4
6,5.0893,4
6,5.8933,4
6,2.4114,4
3,-2.9279,4
3,0.36778,4
6,1.8431,4
9,8.5835,4
6,2.0267,4
3,-0.07786,4
3,1.5256,4
6,-0.42004,4
9,6.7688,4
6,1.3473,4
3,8.5596,4
6,2.9925,4
9,7.9574,4
9,8.114,4
9,5.2752,4
6,4.9215,4
6,0.1413,4
9,10.652,4
12,10.045,4
9,4.0007,4
6,1.3173,4
6,4.102,4
9,5.0635,4
12,9.2457,4
9,4.4073,4
6,-1.3587,4
9,3.5158,4
12,9.379,4
12,3.2663,4
12,6.9654,4
9,2.7539,4
9,1.9979,4
12,10.497,4
15,14.627,4
12,7.0308,4
9,2.245,4
9,6.9806,4
12,10.827,4
15,10.434,4
12,8.8671,4
9,1.2275,4
12,7.5814,4
15,10.437,4
15,11.882,4
15,10.154,4
12,3.1369,4
12,13.93,4
15,17.007,4
18,17.662,4
15,11.879,4
12,8.4128,4
12,11.228,4
15,9.6037,4
18,17.468,4
15,11.699,4
12,4.1004,4
15,13.844,4
18,16.436,4
18,13.247,4
18,7.6103,4
15,3.2103,4
15,9.8914,4
18,12.671,4
21,17.689,4
18,10.286,4
15,4.0224,4
15,15.479,4
18,16.436,4
21,16.911,4
18,11.567,4
15,10.199,4
NaN,NaN,4
21,17.269,4
21,18.989,4
21,13.58,4
NaN,NaN,4
NaN,NaN,4
21,19.357,4
24,15.206,4
21,10.979,4
NaN,NaN,4
NaN,NaN,4
21,16.649,4
24,21.531,4
21,15.182,4
NaN,NaN,4
NaN,NaN,4
24,28.711,4
24,19.595,4
24,14.196,4
NaN,NaN,4
NaN,NaN,4
24,23.961,4
27,23.753,4
24,13.229,4
NaN,NaN,4
NaN,NaN,4
24,17.836,4
27,24.76,4
24,14.96,4
NaN,NaN,4
NaN,NaN,4
27,18.8,4
27,22.487,4
27,18.813,4
NaN,NaN,4
NaN,NaN,4
27,21.283,4
30,26.259,4
27,17.351,4
NaN,NaN,4
NaN,NaN,4
27,21.419,4
30,23.857,4
27,17.102,4
NaN,NaN,4
NaN,NaN,4
30,34.47,4
30,23.073,4
30,25.609,4
NaN,NaN,4
NaN,NaN,4
30,29.139,4
45,29.447,4
30,27.932,4
NaN,NaN,4
NaN,NaN,4
30,24.945,4
45,36.958,4
30,19.305,4
NaN,NaN,4
NaN,NaN,4
NaN,NaN,4
45,35.984,4
NaN,NaN,4
NaN,NaN,4
NaN,NaN,4
NaN,NaN,4
NaN,NaN,4
NaN,NaN,4
NaN,NaN,4
-75,-3.3246,5
-60,2.6453,5
-45,0.21154,5
-60,-1.4509,5
-75,1.074,5
-75,1.4381,5
-60,4.8378,5
-45,2.6882,5
-60,-1.138,5
-75,3.471,5
-75,3.9955,5
-60,0.52188,5
-45,-0.54946,5
-60,0.83819,5
-75,-1.4914,5
-60,5.5774,5
-45,0.63014,5
-30,0.63462,5
-45,0.23341,5
-60,2.372,5
-60,3.1076,5
-45,4.1379,5
-30,0.58656,5
-45,-0.31295,5
-60,-7.4471,5
-60,7.6525,5
-45,0.21018,5
-30,0.45287,5
-45,-1.1361,5
-60,-0.76213,5
-45,2.1721,5
-30,2.2693,5
-27,0.21576,5
-30,-1.8917,5
-45,2.028,5
-45,3.3501,5
-30,5.687,5
-27,0.89595,5
-30,-3.0902,5
-45,-6.3417,5
-45,6.4519,5
-30,-0.72528,5
-27,0.072402,5
-30,-1.464,5
-45,-0.02407,5
-30,4.5033,5
-27,-0.72331,5
-24,0.84462,5
-27,0.73229,5
-30,-1.6994,5
-30,9.8192,5
-27,4.5987,5
-24,-0.16732,5
-27,4.901,5
-30,-1.1631,5
-30,2.9587,5
-27,-2.9827,5
-24,-0.077715,5
-27,2.007,5
-30,-0.71902,5
-27,2.5027,5
-24,-1.1269,5
-21,0.55179,5
-24,-4.4095,5
-27,-4.5578,5
-27,6.2933,5
-24,-4.1401,5
-21,0.16723,5
-24,-0.06441,5
-27,1.783,5
-27,2.4199,5
-24,3.0226,5
-21,-0.043572,5
-24,-3.588,5
-27,-5.4061,5
-24,4.8108,5
-21,-1.8008,5
-18,1.1956,5
-21,4.1655,5
-24,0.47422,5
-24,1.8481,5
-21,-1.5486,5
-18,0.72682,5
-21,-1.6102,5
-24,5.9952,5
-24,6.3289,5
-21,-0.095283,5
-18,0.9298,5
-21,-0.095942,5
-24,4.0147,5
-21,-1.2786,5
-18,-2.614,5
-15,0.25606,5
-18,-6.538,5
-21,-1.4933,5
-21,-1.2409,5
-18,-1.7045,5
-15,0.10894,5
-18,-2.4044,5
-21,-1.6611,5
-21,3.0852,5
-18,0.41774,5
-15,0.23951,5
-18,-4.5979,5
-21,-11.589,5
-18,6.4998,5
-15,-2.0314,5
-12,0.6976,5
-15,3.584,5
-18,-6.7117,5
-18,4.8164,5
-15,-0.8055,5
-12,0.35925,5
-15,-0.46489,5
-18,-6.2018,5
-18,2.2556,5
-15,-15.452,5
-12,-0.019325,5
-15,-0.86799,5
-18,-0.14152,5
-15,-5.0957,5
-12,2.2623,5
-9,0.46492,5
-12,-4.2914,5
-15,0.32663,5
-15,-12.059,5
-12,-1.1103,5
-9,0.47027,5
-12,-7.3145,5
-15,-0.14506,5
-15,9.5101,5
-12,-6.3894,5
-9,0.21984,5
-12,-3.3358,5
-15,-10.064,5
-12,6.1719,5
-9,6.8792,5
-6,-0.15258,5
-9,-7.8277,5
-12,-14.05,5
-12,-5.5253,5
-9,2.9765,5
-6,-0.17604,5
-9,0.14936,5
-12,-0.65451,5
-12,2.9683,5
-9,-7.085,5
-6,0.34101,5
-9,-9.8051,5
-12,-5.378,5
-9,-6.8215,5
-6,-5.5024,5
-3,0.70643,5
-6,-4.1428,5
-9,-3.9538,5
-9,-3.6138,5
-6,-2.8729,5
-3,0.14529,5
-6,-2.8112,5
-9,-12.54,5
-9,1.7381,5
-6,-6.677,5
-3,1.4902,5
-6,-7.0335,5
-9,-12.4,5
-6,-5.0026,5
-3,3.9808,5
0,0.054709,5
-3,-3.2937,5
-6,-9.1619,5
-6,-2.8578,5
-3,-3.1078,5
0,0.38952,5
-3,-5.7258,5
-6,-10.072,5
-6,-0.66025,5
-3,-1.9288,5
0,0.72587,5
-3,-5.0994,5
-6,0.73,5
-3,0.15751,5
-0,2.4918,5
0,0.074282,5
0,-4.1354,5
-3,-6.487,5
-3,0.67295,5
-0,-0.53267,5
3,0.16421,5
0,-3.8954,5
-3,-3.2743,5
-3,-6.3551,5
-0,0.48348,5
3,0.99441,5
0,-4.84,5
-3,-6.6729,5
-0,4.8023,5
3,-1.1243,5
3,1.8727,5
3,-4.1835,5
0,-3.7225,5
-0,3.3648,5
3,-1.4107,5
6,0.76735,5
3,-2.6761,5
0,-7.2856,5
-0,-4.6506,5
3,-3.1915,5
6,3.441,5
3,-2.8481,5
0,-8.5894,5
3,-0.75677,5
6,-2.6981,5
6,4.5394,5
6,1.8556,5
3,4.1099,5
3,3.5798,5
6,3.4338,5
9,0.17108,5
6,1.7144,5
3,-5.0017,5
3,4.5587,5
6,2.1982,5
9,0.62884,5
6,1.8691,5
3,-4.4936,5
6,5.4025,5
9,1.4222,5
9,0.33473,5
9,3.3239,5
6,0.94896,5
6,-1.4738,5
9,-3.0764,5
12,0.22926,5
9,0.60114,5
6,-4.3929,5
6,6.5716,5
9,1.1934,5
12,0.60038,5
9,-0.10971,5
6,-2.9271,5
9,8.6786,5
12,8.0349,5
12,-0.35876,5
12,2.3069,5
9,-1.4632,5
9,0.82763,5
12,1.6723,5
15,0.014574,5
12,-0.98466,5
9,-0.2083,5
9,4.0856,5
12,2.8889,5
15,0.68563,5
12,0.79161,5
9,-1.6863,5
12,4.317,5
15,2.655,5
15,0.7859,5
15,-2.5326,5
12,-0.0094986,5
12,0.0064161,5
15,4.1001,5
18,-0.1131,5
15,5.2316,5
12,-2.5558,5
12,6.3668,5
15,3.8593,5
18,0.15651,5
15,-0.98986,5
12,-2.3163,5
15,1.1388,5
18,-1.5227,5
18,0.44351,5
18,5.0487,5
15,1.6124,5
15,-4.1983,5
18,10.885,5
21,0.15196,5
18,3.4381,5
15,2.6456,5
15,6.3422,5
18,0.41462,5
21,0.046651,5
18,-0.80715,5
15,4.2905,5
NaN,NaN,5
21,0.57492,5
21,-0.41092,5
21,2.3237,5
NaN,NaN,5
NaN,NaN,5
21,0.76988,5
24,0.46792,5
21,-1.8143,5
NaN,NaN,5
NaN,NaN,5
21,-3.0438,5
24,0.85541,5
21,-4.0434,5
NaN,NaN,5
NaN,NaN,5
24,1.1991,5
24,-0.24771,5
24,-0.27426,5
NaN,NaN,5
NaN,NaN,5
24,-1.669,5
27,0.030979,5
24,3.9176,5
NaN,NaN,5
NaN,NaN,5
24,1.959,5
27,0.49485,5
24,-3.7896,5
NaN,NaN,5
NaN,NaN,5
27,-1.4476,5
27,-0.2953,5
27,-1.3344,5
NaN,NaN,5
NaN,NaN,5
27,7.9195,5
30,5.29,5
27,-1.3554,5
NaN,NaN,5
NaN,NaN,5
27,-0.17694,5
30,-0.10712,5
27,-1.318,5
NaN,NaN,5
NaN,NaN,5
30,-0.72174,5
30,0.83742,5
30,-0.65952,5
NaN,NaN,5
NaN,NaN,5
30,3.3976,5
45,0.093516,5
30,-2.6691,5
NaN,NaN,5
NaN,NaN,5
30,1.9226,5
45,0.28129,5
30,-6.3674,5
NaN,NaN,5
NaN,NaN,5
NaN,NaN,5
45,0.37713,5
NaN,NaN,5
NaN,NaN,5
NaN,NaN,5
NaN,NaN,5
NaN,NaN,5
NaN,NaN,5
NaN,NaN,5
-75,9.2964,6
-60,6.2181,6
-45,-3.1841,6
-60,-4.322,6
-75,-13.419,6
-75,1.7688,6
-60,8.075,6
-45,-6.6343,6
-60,-7.0407,6
-75,-13.206,6
-75,4.2573,6
-60,0.67956,6
-45,-7.9839,6
-60,-14.944,6
-75,-11.473,6
-60,5.7682,6
-45,8.3544,6
-30,-7.3555,6
-45,-5.3363,6
-60,-5.92,6
-60,10.826,6
-45,11.8,6
-30,-10.578,6
-45,-8.0992,6
-60,-14.952,6
-60,-2.2009,6
-45,13.207,6
-30,-6.6985,6
-45,-8.7566,6
-60,-11.005,6
-45,11.442,6
-30,7.5961,6
-27,-9.2477,6
-30,-11.648,6
-45,-7.3698,6
-45,-0.11263,6
-30,4.5583,6
-27,-9.9679,6
-30,-7.2635,6
-45,-10.043,6
-45,-3.4027,6
-30,2.3862,6
-27,-5.3014,6
-30,-11.321,6
-45,-17.4,6
-30,5.1206,6
-27,6.3399,6
-24,-5.4015,6
-27,-3.6606,6
-30,-13.902,6
-30,1.2001,6
-27,5.8188,6
-24,-2.3018,6
-27,-8.7418,6
-30,-14.667,6
-30,-1.9824,6
-27,6.887,6
-24,-10.841,6
-27,-4.1932,6
-30,-9.7722,6
-27,8.7763,6
-24,4.1427,6
-21,-8.9929,6
-24,-6.7563,6
-27,2.0436,6
-27,8.7802,6
-24,7.4944,6
-21,-9.6764,6
-24,-4.4709,6
-27,-14.257,6
-27,-0.42174,6
-24,4.6467,6
-21,-0.69819,6
-24,-8.9082,6
-27,-4.3799,6
-24,10.782,6
-21,10.867,6
-18,-8.7316,6
-21,-9.7138,6
-24,-7.5535,6
-24,-4.4137,6
-21,18.266,6
-18,-3.5964,6
-21,-10.541,6
-24,-4.5136,6
-24,1.3705,6
-21,2.3298,6
-18,-6.5784,6
-21,-5.2918,6
-24,-8.0493,6
-21,8.5487,6
-18,5.8006,6
-15,-7.1836,6
-18,-0.79886,6
-21,-8.3608,6
-21,4.0398,6
-18,5.1697,6
-15,-10.24,6
-18,-5.3241,6
-21,-4.1054,6
-21,3.9952,6
-18,3.0316,6
-15,-5.3811,6
-18,-9.5886,6
-21,-11.798,6
-18,4.8679,6
-15,13.47,6
-12,-9.8196,6
-15,-6.8621,6
-18,-14.286,6
-18,12.491,6
-15,13.708,6
-12,-6.1595,6
-15,-14.391,6
-18,-13.073,6
-18,0.46102,6
-15,4.9125,6
-12,-8.5669,6
-15,2.5246,6
-18,-9.8713,6
-15,4.3077,6
-12,11.82,6
-9,-7.7287,6
-12,-10.879,6
-15,-10.481,6
-15,10.828,6
-12,5.6555,6
-9,-3.5463,6
-12,-9.3202,6
-15,-12.244,6
-15,0.25266,6
-12,1.4347,6
-9,-6.0133,6
-12,-5.1172,6
-15,-4.2435,6
-12,5.3958,6
-9,7.375,6
-6,-7.1881,6
-9,-8.1005,6
-12,-5.2834,6
-12,9.0924,6
-9,0.41511,6
-6,-6.0874,6
-9,-7.9865,6
-12,-10.04,6
-12,10.734,6
-9,-5.7013,6
-6,-0.16862,6
-9,-7.7244,6
-12,-9.6479,6
-9,5.2821,6
-6,9.255,6
-3,-4.7166,6
-6,-4.4844,6
-9,-11.031,6
-9,-7.5415,6
-6,-6.0328,6
-3,-4.226,6
-6,-6.6357,6
-9,-14.517,6
-9,-4.4635,6
-6,1.5119,6
-3,-2.9213,6
-6,-5.4309,6
-9,-10.52,6
-6,2.0904,6
-3,0.92325,6
0,-2.7467,6
-3,-4.6254,6
-6,-6.8977,6
-6,3.8234,6
-3,5.1943,6
0,-5.3485,6
-3,-4.4931,6
-6,-12.301,6
-6,-2.5945,6
-3,7.2298,6
0,-0.74808,6
-3,-9.2106,6
-6,-13.099,6
-3,-1.0015,6
-0,3.4257,6
0,-1.2613,6
0,-2.3877,6
-3,-10.559,6
-3,-1.7594,6
-0,-0.13118,6
3,-4.1381,6
0,-2.1797,6
-3,-9.6631,6
-3,3.4412,6
-0,-0.26606,6
3,-5.3805,6
0,-4.3228,6
-3,-6.9962,6
-0,2.2741,6
3,5.2289,6
3,-0.49411,6
3,-1.5501,6
0,-6.4927,6
-0,3.5503,6
3,1.6138,6
6,-0.63283,6
3,-3.8583,6
0,-6.4572,6
-0,-1.9407,6
3,-0.92019,6
6,-0.74508,6
3,-5.2684,6
0,-13.127,6
3,7.8214,6
6,5.3039,6
6,-1.2009,6
6,-5.5429,6
3,-5.8588,6
3,0.92524,6
6,5.9829,6
9,-2.0037,6
6,-3.5423,6
3,-10.906,6
3,-3.921,6
6,1.7929,6
9,-8.4336,6
6,2.6491,6
3,-4.5832,6
6,4.7974,6
9,6.6137,6
9,0.25677,6
9,-4.8859,6
6,-2.8242,6
6,9.5508,6
9,6.4699,6
12,-7.801,6
9,-5.6167,6
6,-7.5056,6
6,1.3574,6
9,-1.2934,6
12,8.0538,6
9,-2.0312,6
6,-5.3604,6
9,11.51,6
12,-2.0406,6
12,-4.6364,6
12,-7.2326,6
9,-10.87,6
9,2.7863,6
12,8.7675,6
15,-5.844,6
12,-8.4976,6
9,-6.0724,6
9,1.4849,6
12,9.0804,6
15,0.20968,6
12,-3.2157,6
9,-2.1042,6
12,7.4189,6
15,12.168,6
15,-0.79839,6
15,5.6055,6
12,-2.1015,6
12,8.5828,6
15,11.336,6
18,-4.3801,6
15,-5.3394,6
12,-9.0632,6
12,7.1698,6
15,11.587,6
18,-5.0191,6
15,-2.1347,6
12,-3.5099,6
15,13.222,6
18,14.676,6
18,-2.9642,6
18,4.4213,6
15,5.0034,6
15,4.5103,6
18,0.91615,6
21,-6.186,6
18,-4.0225,6
15,-14.012,6
15,2.4476,6
18,-3.2025,6
21,-4.2889,6
18,-11.53,6
15,-18.063,6
NaN,NaN,6
21,-0.04538,6
21,0.28821,6
21,-6.6355,6
NaN,NaN,6
NaN,NaN,6
21,0.90483,6
24,-2.3233,6
21,-3.138,6
NaN,NaN,6
NaN,NaN,6
21,-2.8466,6
24,-8.2259,6
21,1.5494,6
NaN,NaN,6
NaN,NaN,6
24,8.2785,6
24,-0.59951,6
24,-4.4223,6
NaN,NaN,6
NaN,NaN,6
24,7.2652,6
27,-8.0654,6
24,6.7901,6
NaN,NaN,6
NaN,NaN,6
24,2.3188,6
27,-3.6979,6
24,-7.5007,6
NaN,NaN,6
NaN,NaN,6
27,19.15,6
27,-1.4273,6
27,0.57325,6
NaN,NaN,6
NaN,NaN,6
27,5.0679,6
30,-4.8947,6
27,-8.4959,6
NaN,NaN,6
NaN,NaN,6
27,4.3651,6
30,-7.6771,6
27,-3.822,6
NaN,NaN,6
NaN,NaN,6
30,5.4729,6
30,-7.762,6
30,1.0272,6
NaN,NaN,6
NaN,NaN,6
30,8.1309,6
45,-3.834,6
30,3.0831,6
NaN,NaN,6
NaN,NaN,6
30,-0.03782,6
45,-4.0088,6
30,-10.926,6
NaN,NaN,6
NaN,NaN,6
NaN,NaN,6
45,0.12487,6
NaN,NaN,6
NaN,NaN,6
NaN,NaN,6
NaN,NaN,6
NaN,NaN,6
NaN,NaN,6
NaN,NaN,6
-75,46.773,7
-60,16.51,7
-45,3.7357,7
-60,49.97,7
-75,22.141,7
-75,21.548,7
-60,22.253,7
-45,1.2464,7
-60,32.202,7
-75,20.506,7
-75,31.449,7
-60,11.521,7
-45,2.625,7
-60,16.993,7
-75,26.536,7
-60,10.974,7
-45,48.631,7
-30,34.583,7
-45,28.08,7
-60,35.586,7
-60,25.966,7
-45,21.189,7
-30,18.11,7
-45,27.982,7
-60,25.253,7
-60,33.172,7
-45,24.901,7
-30,-1.3679,7
-45,14.502,7
-60,35.223,7
-45,55.748,7
-30,29.952,7
-27,21.693,7
-30,28.761,7
-45,29.254,7
-45,17.638,7
-30,6.6661,7
-27,14.343,7
-30,11.248,7
-45,42.202,7
-45,26.068,7
-30,24.364,7
-27,1.689,7
-30,15.692,7
-45,13.493,7
-30,31.743,7
-27,29.098,7
-24,-21.336,7
-27,39.682,7
-30,56.169,7
-30,56.23,7
-27,40.157,7
-24,1.5068,7
-27,49.978,7
-30,35.584,7
-30,35.171,7
-27,27.839,7
-24,-16.449,7
-27,5.2641,7
-30,32.346,7
-27,37.105,7
-24,-2.8036,7
-21,31.805,7
-24,19.591,7
-27,31.907,7
-27,17.569,7
-24,17.724,7
-21,-15.602,7
-24,-8.1797,7
-27,27.184,7
-27,29.107,7
-24,13.915,7
-21,7.8814,7
-24,43.159,7
-27,55.332,7
-24,18.027,7
-21,5.1629,7
-18,24.311,7
-21,44.497,7
-24,56.051,7
-24,56.299,7
-21,17.202,7
-18,-6.9272,7
-21,23.283,7
-24,33.909,7
-24,22.961,7
-21,28.124,7
-18,13.586,7
-21,-25.541,7
-24,41.259,7
-21,51.816,7
-18,25.781,7
-15,22.637,7
-18,11.183,7
-21,22.136,7
-21,53.596,7
-18,1.1749,7
-15,9.513,7
-18,8.5382,7
-21,42.483,7
-21,14.618,7
-18,4.0175,7
-15,-1.4003,7
-18,17.031,7
-21,43.473,7
-18,21.948,7
-15,33.736,7
-12,26.076,7
-15,43.263,7
-18,15.781,7
-18,38.739,7
-15,19.417,7
-12,-9.1437,7
-15,17.001,7
-18,46.652,7
-18,8.0707,7
-15,13.945,7
-12,-9.6125,7
-15,46.847,7
-18,52.888,7
-15,43.14,7
-12,33.402,7
-9,12.709,7
-12,65.749,7
-15,37.163,7
-15,55.721,7
-12,28.693,7
-9,16.61,7
-12,47.841,7
-15,10.551,7
-15,38.11,7
-12,8.3993,7
-9,-1.0278,7
-12,7.8927,7
-15,37.627,7
-12,41.962,7
-9,51.32,7
-6,7.7401,7
-9,4.5001,7
-12,37.82,7
-12,54.565,7
-9,10.123,7
-6,15.732,7
-9,5.7146,7
-12,24.648,7
-12,55.479,7
-9,0.43982,7
-6,-10.676,7
-9,6.1142,7
-12,36.419,7
-9,19.765,7
-6,26.207,7
-3,3.3716,7
-6,35.173,7
-9,23.6,7
-9,44.55,7
-6,16.617,7
-3,-0.39806,7
-6,11.044,7
-9,55.35,7
-9,46.511,7
-6,21.295,7
-3,-6.352,7
-6,1.9096,7
-9,28.386,7
-6,48.483,7
-3,52.15,7
0,1.2807,7
-3,29.178,7
-6,34.011,7
-6,45.288,7
-3,35.533,7
0,-0.28224,7
-3,8.5576,7
-6,51.665,7
-6,55.72,7
-3,40.155,7
0,-1.237,7
-3,52.022,7
-6,44.396,7
-3,10.049,7
-0,46.656,7
0,0.40265,7
0,50.726,7
-3,5.8636,7
-3,31.851,7
-0,18.936,7
3,-1.741,7
0,11.502,7
-3,38.807,7
-3,54.35,7
-0,30.691,7
3,-15.755,7
0,9.159,7
-3,33.585,7
-0,50.903,7
3,4.8427,7
3,10.636,7
3,7.0708,7
0,31.824,7
-0,36.294,7
3,37.045,7
6,-52.042,7
3,12.647,7
0,35.327,7
-0,12.471,7
3,26.717,7
6,2.1068,7
3,34.887,7
0,14.066,7
3,18.09,7
6,6.8866,7
6,-13.173,7
6,61.134,7
3,18.822,7
3,35.214,7
6,0.26142,7
9,-12.82,7
6,21.007,7
3,12.118,7
3,19.032,7
6,11.9,7
9,9.9899,7
6,8.6927,7
3,16.177,7
6,33.249,7
9,19.608,7
9,-8.4144,7
9,21.147,7
6,17.013,7
6,14.071,7
9,8.5574,7
12,-28.229,7
9,18.637,7
6,10.275,7
6,11.127,7
9,40.925,7
12,-0.83438,7
9,20.015,7
6,40.383,7
9,14.008,7
12,46.044,7
12,-2.1078,7
12,16.037,7
9,10.987,7
9,11.682,7
12,41.233,7
15,0.7643,7
12,20.623,7
9,14.926,7
9,15.584,7
12,28.739,7
15,-27.224,7
12,18.799,7
9,23.237,7
12,32.873,7
15,49.789,7
15,-25.549,7
15,27.181,7
12,16.705,7
12,15.894,7
15,12.717,7
18,15.761,7
15,35.785,7
12,20.438,7
12,20.987,7
15,65.564,7
18,-12.671,7
15,22.768,7
12,12.886,7
15,17.693,7
18,64.615,7
18,-11.086,7
18,21.537,7
15,22.714,7
15,30.061,7
18,40.944,7
21,-19.795,7
18,43.783,7
15,23.808,7
15,37.204,7
18,63.362,7
21,-12.74,7
18,26.948,7
15,27.665,7
NaN,NaN,7
21,25.263,7
21,-20.331,7
21,26.707,7
NaN,NaN,7
NaN,NaN,7
21,14.327,7
24,-20.659,7
21,31.364,7
NaN,NaN,7
NaN,NaN,7
21,41.789,7
24,-15.408,7
21,31.058,7
NaN,NaN,7
NaN,NaN,7
24,27.261,7
24,-25.65,7
24,-33.222,7
NaN,NaN,7
NaN,NaN,7
24,7.0968,7
27,-31.067,7
24,29.624,7
NaN,NaN,7
NaN,NaN,7
24,33.506,7
27,-3.2876,7
24,8.6701,7
NaN,NaN,7
NaN,NaN,7
27,34.481,7
27,-24.496,7
27,35.775,7
NaN,NaN,7
NaN,NaN,7
27,10.288,7
30,-13.65,7
27,36.297,7
NaN,NaN,7
NaN,NaN,7
27,35.013,7
30,-26.8,7
27,34.686,7
NaN,NaN,7
NaN,NaN,7
30,36.834,7
30,-12.032,7
30,30.047,7
NaN,NaN,7
NaN,NaN,7
30,25.928,7
45,-20.804,7
30,44.199,7
NaN,NaN,7
NaN,NaN,7
30,0.3296,7
45,-14.771,7
30,44.733,7
NaN,NaN,7
NaN,NaN,7
NaN,NaN,7
45,-15.946,7
NaN,NaN,7
NaN,NaN,7
NaN,NaN,7
NaN,NaN,7
NaN,NaN,7
NaN,NaN,7
NaN,NaN,7
-75,-4.3919,8
-60,-10.937,8
-45,0.26756,8
-60,3.6544,8
-75,-0.59488,8
-75,1.8366,8
-60,-10.263,8
-45,0.27077,8
-60,-2.9815,8
-75,-2.4377,8
-75,-3.4873,8
-60,-11.881,8
-45,0.24708,8
-60,-4.6407,8
-75,10.144,8
-60,3.1577,8
-45,-14.558,8
-30,-0.32089,8
-45,1.9705,8
-60,1.6579,8
-60,5.1098,8
-45,-5.3121,8
-30,0.35959,8
-45,3.0766,8
-60,0.099892,8
-60,-1,8
-45,-37.265,8
-30,0.36138,8
-45,-3.5964,8
-60,-4.6728,8
-45,-4.099,8
-30,-5.0762,8
-27,0.17789,8
-30,-1.5486,8
-45,-6.3536,8
-45,-5.7631,8
-30,-10.184,8
-27,-0.32059,8
-30,2.6485,8
-45,1.4651,8
-45,-5.5401,8
-30,-9.5229,8
-27,0.26581,8
-30,-1.8442,8
-45,0.099853,8
-30,-29.914,8
-27,-2.4777,8
-24,-0.17234,8
-27,5.5194,8
-30,2.4243,8
-30,-1.8796,8
-27,-14.618,8
-24,0.019699,8
-27,2.4191,8
-30,-1.4266,8
-30,-10.804,8
-27,-7.583,8
-24,-6.0796,8
-27,-0.34307,8
-30,-1.6572,8
-27,0.40063,8
-24,-10.301,8
-21,-0.44633,8
-24,1.1026,8
-27,0.41751,8
-27,-3.2263,8
-24,-5.3851,8
-21,-15.47,8
-24,1.1886,8
-27,4.045,8
-27,-3.3089,8
-24,-3.0499,8
-21,-0.078072,8
-24,4.1369,8
-27,1.2468,8
-24,8.617,8
-21,-18.995,8
-18,-13.761,8
-21,5.0238,8
-24,2.4138,8
-24,-0.98836,8
-21,0.1989,8
-18,-0.061539,8
-21,-1.3542,8
-24,4.0944,8
-24,-10.482,8
-21,-8.0708,8
-18,-0.048984,8
-21,-4.1527,8
-24,4.1348,8
-21,3.5059,8
-18,-4.1539,8
-15,-13.341,8
-18,-11.929,8
-21,-0.95058,8
-21,-2.4383,8
-18,-15.8,8
-15,0.63204,8
-18,-2.67,8
-21,1.9439,8
-21,-2.2201,8
-18,-1.3882,8
-15,0.10395,8
-18,3.8773,8
-21,-8.1492,8
-18,-3.288,8
-15,1.672,8
-12,-8.0251,8
-15,-3.0557,8
-18,3.9657,8
-18,-17.747,8
-15,1.693,8
-12,-0.036196,8
-15,2.3009,8
-18,-6.787,8
-18,-13.497,8
-15,-15.071,8
-12,-7.772,8
-15,2.5343,8
-18,-2.9602,8
-15,-5.7797,8
-12,-7.5567,8
-9,-6.2761,8
-12,5.6697,8
-15,-1.1221,8
-15,-5.6232,8
-12,-11.214,8
-9,-6.1619,8
-12,0.44021,8
-15,-7.9214,8
-15,-17.049,8
-12,-9.8137,8
-9,-5.2566,8
-12,4.924,8
-15,-8.7965,8
-12,-7.5966,8
-9,-6.7931,8
-6,-4.2009,8
-9,10.375,8
-12,7.5261,8
-12,-0.77044,8
-9,-8.5507,8
-6,-3.8708,8
-9,-10.049,8
-12,-10.864,8
-12,0.077049,8
-9,-10.129,8
-6,-3.9026,8
-9,3.3735,8
-12,-2.4636,8
-9,-2.651,8
-6,-4.3425,8
-3,-2.2401,8
-6,-5.0862,8
-9,-7.005,8
-9,-5.7651,8
-6,-7.4314,8
-3,-2.0147,8
-6,0.68993,8
-9,-1.1774,8
-9,-10.977,8
-6,-6.7445,8
-3,-1.9065,8
-6,-2.4709,8
-9,-2.0606,8
-6,-5.4073,8
-3,-3.1007,8
0,-0.63571,8
-3,-1.9623,8
-6,-2.4453,8
-6,-10.751,8
-3,-3.1258,8
0,0.42093,8
-3,-5.9963,8
-6,-3.7219,8
-6,-10.568,8
-3,-4.407,8
0,0.080547,8
-3,-3.917,8
-6,-8.6502,8
-3,-3.3954,8
-0,-2.2774,8
0,-0.12443,8
0,-0.96829,8
-3,-3.2122,8
-3,-6.5098,8
-0,-2.617,8
3,1.3325,8
0,-0.27532,8
-3,-7.0909,8
-3,-4.4794,8
-0,-2.6124,8
3,-0.20742,8
0,-2.0407,8
-3,-5.0084,8
-0,-0.88404,8
3,0.51823,8
3,2.1395,8
3,2.9596,8
0,-3.5406,8
-0,-4.042,8
3,-0.646,8
6,3.8374,8
3,0.47878,8
0,-2.5403,8
-0,-3.1214,8
3,-0.60279,8
6,3.4997,8
3,1.0666,8
0,0.10397,8
3,3.3505,8
6,1.073,8
6,2.6228,8
6,4.3031,8
3,-0.54758,8
3,-1.9629,8
6,0.8285,8
9,6.7207,8
6,1.6258,8
3,-0.090902,8
3,-3.5255,8
6,0.59197,8
9,7.6912,8
6,2.3595,8
3,-4.1908,8
6,0.79573,8
9,4.9552,8
9,0.2969,8
9,4.0331,8
6,7.3992,8
6,-1.2706,8
9,4.0163,8
12,0.12765,8
9,4.9019,8
6,1.7263,8
6,-1.433,8
9,1.9088,8
12,9.552,8
9,5.6262,8
6,0.70736,8
9,2.1031,8
12,10.098,8
12,9.9422,8
12,8.3564,8
9,2.7084,8
9,0.89875,8
12,7.0938,8
15,0.35661,8
12,8.679,8
9,4.567,8
9,0.53527,8
12,5.763,8
15,13.535,8
12,6.2831,8
9,3.8581,8
12,5.1604,8
15,11.455,8
15,0.38776,8
15,9.33,8
12,9.4195,8
12,5.7046,8
15,11.396,8
18,8.3576,8
15,8.7738,8
12,9.3688,8
12,3.3423,8
15,11.287,8
18,14.371,8
15,10.462,8
12,6.8549,8
15,7.8378,8
18,12.07,8
18,14.444,8
18,11.351,8
15,8.7018,8
15,7.6072,8
18,11.011,8
21,-0.33002,8
18,14.635,8
15,10.006,8
15,5.3268,8
18,9.7599,8
21,16.534,8
18,11.591,8
15,11.182,8
NaN,NaN,8
21,12.841,8
21,14.922,8
21,13.658,8
NaN,NaN,8
NaN,NaN,8
21,12.658,8
24,21.112,8
21,18.413,8
NaN,NaN,8
NaN,NaN,8
21,10.016,8
24,17.049,8
21,13.589,8
NaN,NaN,8
NaN,NaN,8
24,14.244,8
24,1.409,8
24,16.085,8
NaN,NaN,8
NaN,NaN,8
24,15.737,8
27,0.65125,8
24,18.657,8
NaN,NaN,8
NaN,NaN,8
24,11.649,8
27,1.7671,8
24,17.248,8
NaN,NaN,8
NaN,NaN,8
27,18.96,8
27,21.951,8
27,8.5115,8
NaN,NaN,8
NaN,NaN,8
27,15.061,8
30,0.41437,8
27,19.639,8
NaN,NaN,8
NaN,NaN,8
27,15.481,8
30,0.87958,8
27,1.2245,8
NaN,NaN,8
NaN,NaN,8
30,14.958,8
30,0.21293,8
30,24.373,8
NaN,NaN,8
NaN,NaN,8
30,19.987,8
45,0.26339,8
30,23.799,8
NaN,NaN,8
NaN,NaN,8
30,12.677,8
45,-0.34179,8
30,20.137,8
NaN,NaN,8
NaN,NaN,8
NaN,NaN,8
45,0.46038,8
NaN,NaN,8
NaN,NaN,8
NaN,NaN,8
NaN,NaN,8
NaN,NaN,8
NaN,NaN,8
NaN,NaN,8
-75,14.468,9
-60,20.462,9
-45,28.91,9
-60,30.299,9
-75,32.04,9
-75,28.858,9
-60,26.309,9
-45,-6.2802,9
-60,10.69,9
-75,43.754,9
-75,36.757,9
-60,4.0239,9
-45,1.5018,9
-60,1.4055,9
-75,18.098,9
-60,6.8117,9
-45,21.653,9
-30,-11.706,9
-45,17.426,9
-60,24.952,9
-60,-8.2578,9
-45,30.884,9
-30,-8.0054,9
-45,1.0351,9
-60,36.899,9
-60,-23.548,9
-45,-17.619,9
-30,0.51765,9
-45,7.9598,9
-60,30.032,9
-45,10.8,9
-30,15.506,9
-27,-10.442,9
-30,27.071,9
-45,29.776,9
-45,15.825,9
-30,17.556,9
-27,-14.339,9
-30,6.229,9
-45,22.201,9
-45,4.7928,9
-30,-15.129,9
-27,-6.0856,9
-30,12.726,9
-45,-3.2043,9
-30,7.7773,9
-27,22.52,9
-24,8.0991,9
-27,25.055,9
-30,18.07,9
-30,8.3019,9
-27,16.474,9
-24,1.6969,9
-27,23.785,9
-30,21.324,9
-30,-3.1806,9
-27,-9.7867,9
-24,-10.127,9
-27,-13.048,9
-30,34.191,9
-27,11.803,9
-24,-19.58,9
-21,2.8262,9
-24,1.8082,9
-27,25.724,9
-27,-28.117,9
-24,-1.4637,9
-21,-6.3518,9
-24,0.34356,9
-27,11.82,9
-27,-17.736,9
-24,1.9554,9
-21,-2.0922,9
-24,12.637,9
-27,18.3,9
-24,11.32,9
-21,10.522,9
-18,5.7664,9
-21,6.5811,9
-24,15.246,9
-24,24.258,9
-21,9.5308,9
-18,-10.754,9
-21,12.835,9
-24,50.238,9
-24,-11.029,9
-21,25.446,9
-18,-1.7512,9
-21,70.793,9
-24,-10.183,9
-21,13.158,9
-18,3.7091,9
-15,-4.3593,9
-18,9.5727,9
-21,17.976,9
-21,-24.766,9
-18,-15.207,9
-15,7.1524,9
-18,-12.218,9
-21,-9.0881,9
-21,14.157,9
-18,-25.367,9
-15,-6.5552,9
-18,-9.8351,9
-21,25.198,9
-18,27.747,9
-15,20.422,9
-12,1.2233,9
-15,11.386,9
-18,51.384,9
-18,-8.3566,9
-15,4.472,9
-12,-13.746,9
-15,4.2524,9
-18,24.474,9
-18,-13.2,9
-15,-29.823,9
-12,-32.912,9
-15,-1.9162,9
-18,11.242,9
-15,18.459,9
-12,24.181,9
-9,-26.961,9
-12,-9.6093,9
-15,12.107,9
-15,-13.107,9
-12,1.5893,9
-9,-24.09,9
-12,7.6002,9
-15,27.364,9
-15,0.35388,9
-12,-6.1664,9
-9,-10.226,9
-12,0.83644,9
-15,11.395,9
-12,19.986,9
-9,25.801,9
-6,2.9018,9
-9,11.714,9
-12,-6.5941,9
-12,-32.328,9
-9,28.189,9
-6,-19.141,9
-9,10.932,9
-12,15.892,9
-12,-6.2624,9
-9,6.6991,9
-6,-2.7456,9
-9,-2.5667,9
-12,22.604,9
-9,7.6547,9
-6,14.362,9
-3,8.8197,9
-6,1.8243,9
-9,34.695,9
-9,1.6112,9
-6,-4.9632,9
-3,3.5853,9
-6,10.882,9
-9,39.771,9
-9,-6.0816,9
-6,1.7809,9
-3,10.165,9
-6,4.0509,9
-9,16.008,9
-6,19.771,9
-3,-3.1562,9
0,11.574,9
-3,6.0208,9
-6,34.196,9
-6,4.7214,9
-3,1.9758,9
0,17.663,9
-3,6.5104,9
-6,21.708,9
-6,-2.6463,9
-3,1.209,9
0,-1.1923,9
-3,67.604,9
-6,14.196,9
-3,26.203,9
-0,-2.2982,9
0,-3.3163,9
0,0.32511,9
-3,14.57,9
-3,-22.835,9
-0,-19.185,9
3,-13.367,9
0,14.219,9
-3,49.801,9
-3,11.969,9
-0,-29.127,9
3,-0.66383,9
0,3.8571,9
-3,18.239,9
-0,17.549,9
3,20.071,9
3,-4.1008,9
3,-5.0182,9
0,22.764,9
-0,-28.435,9
3,20.267,9
6,-15.089,9
3,-13.958,9
0,36.179,9
-0,15.933,9
3,11.183,9
6,14.178,9
3,47.741,9
0,26.754,9
3,14.235,9
6,16.297,9
6,2.3474,9
6,9.9271,9
3,21.301,9
3,1.7817,9
6,2.1774,9
9,-17.73,9
6,15.342,9
3,16.342,9
3,5.3117,9
6,8.1374,9
9,15.267,9
6,-0.23402,9
3,32.695,9
6,-14.562,9
9,21.979,9
9,-0.44017,9
9,13.825,9
6,13.191,9
6,17.939,9
9,-14.721,9
12,2.7569,9
9,8.7278,9
6,-7.8673,9
6,8.5081,9
9,-25.907,9
12,3.2994,9
9,19.751,9
6,12.085,9
9,36.623,9
12,17.009,9
12,3.2229,9
12,13.17,9
9,34.254,9
9,20.085,9
12,17.321,9
15,-5.421,9
12,5.3436,9
9,19.287,9
9,20.751,9
12,2.6764,9
15,-1.4187,9
12,10.728,9
9,35.936,9
12,29.845,9
15,24.013,9
15,-1.5597,9
15,12.935,9
12,2.1729,9
12,7.4421,9
15,-18.689,9
18,17.257,9
15,21.741,9
12,8.6699,9
12,-24.209,9
15,-4.423,9
18,-15.848,9
15,10.833,9
12,19.518,9
15,24.341,9
18,1.3715,9
18,-3.8008,9
18,33.107,9
15,0.0045824,9
15,32.179,9
18,-15.557,9
21,-3.0688,9
18,11.786,9
15,19.041,9
15,-12.513,9
18,-12.635,9
21,-11.436,9
18,-5.94,9
15,39.659,9
NaN,NaN,9
21,40.683,9
21,8.4776,9
21,-6.1122,9
NaN,NaN,9
NaN,NaN,9
21,-4.8389,9
24,-0.016986,9
21,2.8671,9
NaN,NaN,9
NaN,NaN,9
21,5.221,9
24,-6.7019,9
21,5.001,9
NaN,NaN,9
NaN,NaN,9
24,32.667,9
24,4.2605,9
24,-0.73699,9
NaN,NaN,9
NaN,NaN,9
24,8.3647,9
27,15.599,9
24,68.993,9
NaN,NaN,9
NaN,NaN,9
24,-17.804,9
27,4.904,9
24,42.641,9
NaN,NaN,9
NaN,NaN,9
27,24.154,9
27,-12.496,9
27,14.653,9
NaN,NaN,9
NaN,NaN,9
27,12.034,9
30,-21.012,9
27,18.895,9
NaN,NaN,9
NaN,NaN,9
27,-25.762,9
30,-9.2687,9
27,16.67,9
NaN,NaN,9
NaN,NaN,9
30,0.087567,9
30,6.0764,9
30,10.514,9
NaN,NaN,9
NaN,NaN,9
30,14.244,9
45,-24.28,9
30,23.102,9
NaN,NaN,9
NaN,NaN,9
30,-24.972,9
45,-1.0175,9
30,-3.6232,9
NaN,NaN,9
NaN,NaN,9
NaN,NaN,9
45,-15.59,9
NaN,NaN,9
NaN,NaN,9
NaN,NaN,9
NaN,NaN,9
NaN,NaN,9
NaN,NaN,9
NaN,NaN,9
-75,11.136,10
-60,-7.3589,10
-45,24.676,10
-60,6.7695,10
-75,12.07,10
-75,-3.6024,10
-60,-2.5235,10
-45,2.3387,10
-60,-0.57959,10
-75,21.824,10
-75,-0.84017,10
-60,-14.032,10
-45,-0.084534,10
-60,10.947,10
-75,11.38,10
-60,-9.7539,10
-45,-3.903,10
-30,0.28377,10
-45,-4.568,10
-60,6.6593,10
-60,2.4475,10
-45,-5.0026,10
-30,-0.34273,10
-45,-1.9923,10
-60,4.4323,10
-60,-0.8686,10
-45,-3.1017,10
-30,0.23407,10
-45,2.9653,10
-60,-0.43145,10
-45,-0.30733,10
-30,2.6869,10
-27,-0.28216,10
-30,8.2247,10
-45,12.7,10
-45,6.1503,10
-30,-4.0632,10
-27,-0.29943,10
-30,-1.0392,10
-45,4.8701,10
-45,-7.8986,10
-30,-8.4688,10
-27,-1.3205,10
-30,-0.70397,10
-45,-0.99218,10
-30,5.5549,10
-27,-10.975,10
-24,5.6429,10
-27,4.5385,10
-30,3.8711,10
-30,-3.507,10
-27,-2.4542,10
-24,-1.196,10
-27,3.0889,10
-30,2.4197,10
-30,-7.0556,10
-27,-21,10
-24,0.22217,10
-27,-9.1888,10
-30,9.4209,10
-27,-8.9105,10
-24,3.1948,10
-21,-5.5814,10
-24,-0.36533,10
-27,-8.168,10
-27,-7.5923,10
-24,-18.848,10
-21,0.33916,10
-24,-11.239,10
-27,2.5908,10
-27,-24.378,10
-24,-8.4373,10
-21,0.098348,10
-24,-11.048,10
-27,3.6046,10
-24,-12.206,10
-21,-17.93,10
-18,0.097798,10
-21,-10.869,10
-24,-0.10991,10
-24,-10.568,10
-21,-18.014,10
-18,0.18898,10
-21,-18.099,10
-24,5.7989,10
-24,4.9081,10
-21,1.618,10
-18,0.16041,10
-21,0.27477,10
-24,3.6017,10
-21,8.2775,10
-18,-3.4441,10
-15,-9.4932,10
-18,3.2435,10
-21,7.4976,10
-21,3.0007,10
-18,-6.5581,10
-15,0.033596,10
-18,-12.88,10
-21,0.59835,10
-21,-15.484,10
-18,-12.401,10
-15,-0.65747,10
-18,-4.1355,10
-21,10.287,10
-18,6.3675,10
-15,-13.889,10
-12,5.7874,10
-15,-1.1702,10
-18,9.8352,10
-18,-1.8896,10
-15,-14.146,10
-12,-2.3393,10
-15,-3.41,10
-18,4.4467,10
-18,-6.9272,10
-15,-14.707,10
-12,0.3237,10
-15,-9.1913,10
-18,-8.4161,10
-15,6.2824,10
-12,-3.5037,10
-9,-5.6944,10
-12,3.9506,10
-15,3.0803,10
-15,6.5628,10
-12,1.4087,10
-9,-2.0543,10
-12,-11.311,10
-15,-12.816,10
-15,2.6053,10
-12,-12.962,10
-9,-6.5438,10
-12,-10.226,10
-15,-3.1307,10
-12,5.5505,10
-9,8.8834,10
-6,-1.4663,10
-9,3.9538,10
-12,0.85058,10
-12,-3.3626,10
-9,-9.2408,10
-6,-1.4566,10
-9,4.5532,10
-12,2.8462,10
-12,-9.0089,10
-9,-7.4087,10
-6,-2.6123,10
-9,-8.7761,10
-12,-10.084,10
-9,13.289,10
-6,2.5756,10
-3,-2.0872,10
-6,-1.0726,10
-9,10.349,10
-9,-7.1361,10
-6,-6.6429,10
-3,-2.4289,10
-6,-5.8237,10
-9,-2.5138,10
-9,3.096,10
-6,-7.3339,10
-3,-1.8319,10
-6,-7.4638,10
-9,-14.02,10
-6,9.2027,10
-3,-3.8407,10
0,-0.59099,10
-3,2.0049,10
-6,5.3868,10
-6,-0.62441,10
-3,-3.7247,10
0,-0.60097,10
-3,1.315,10
-6,-0.29651,10
-6,-4.6864,10
-3,-4.2779,10
0,0.16854,10
-3,-0.89526,10
-6,-6.9745,10
-3,1.9156,10
-0,-1.3524,10
0,0.55315,10
0,1.0881,10
-3,10.362,10
-3,-2.4723,10
-0,7.0936,10
3,2.7907,10
0,10.469,10
-3,2.0914,10
-3,-3.2674,10
-0,-2.8235,10
3,2.2697,10
0,-1.8183,10
-3,-1.0028,10
-0,9.8216,10
3,8.8312,10
3,2.6079,10
3,0.050128,10
0,2.199,10
-0,-1.0543,10
3,4.4637,10
6,1.5875,10
3,1.7248,10
0,5.8528,10
-0,-0.30575,10
3,0.8592,10
6,4.0851,10
3,0.87952,10
0,3.3758,10
3,3.0243,10
6,-0.29889,10
6,4.0335,10
6,4.8148,10
3,0.37764,10
3,4.759,10
6,-15.32,10
9,-9.5854,10
6,5.9777,10
3,10.6,10
3,1.3714,10
6,3.1172,10
9,8.0624,10
6,3.2571,10
3,2.8643,10
6,6.8931,10
9,7.029,10
9,7.0351,10
9,6.4287,10
6,1.6718,10
6,2.5873,10
9,-0.082768,10
12,-3.9248,10
9,6.3565,10
6,0.90705,10
6,-0.34781,10
9,-0.075661,10
12,9.7319,10
9,4.7406,10
6,1.5406,10
9,5.3467,10
12,11.224,10
12,7.2508,10
12,3.8688,10
9,4.641,10
9,7.2699,10
12,-5.098,10
15,2.7474,10
12,7.7459,10
9,5.5976,10
9,-3.1291,10
12,3.627,10
15,8.5363,10
12,7.1036,10
9,3.5492,10
12,4.803,10
15,9.3655,10
15,9.9196,10
15,10.767,10
12,8.4005,10
12,6.5093,10
15,11.267,10
18,-0.029809,10
15,10.44,10
12,6.5683,10
12,3.5169,10
15,7.7379,10
18,16.485,10
15,11.687,10
12,9.8955,10
15,-1.251,10
18,5.2323,10
18,15.187,10
18,12.53,10
15,8.1229,10
15,11.081,10
18,7.9776,10
21,15.074,10
18,12.921,10
15,10.145,10
15,3.8312,10
18,3.5133,10
21,2.8162,10
18,13.566,10
15,10.832,10
NaN,NaN,10
21,12.849,10
21,14.662,10
21,5.714,10
NaN,NaN,10
NaN,NaN,10
21,-1.3828,10
24,2.3769,10
21,1.5582,10
NaN,NaN,10
NaN,NaN,10
21,7.6406,10
24,0.23932,10
21,15.837,10
NaN,NaN,10
NaN,NaN,10
24,0.97816,10
24,13.342,10
24,9.5671,10
NaN,NaN,10
NaN,NaN,10
24,8.5245,10
27,5.6266,10
24,17.057,10
NaN,NaN,10
NaN,NaN,10
24,-10.183,10
27,-0.070235,10
24,18.103,10
NaN,NaN,10
NaN,NaN,10
27,8.4763,10
27,0.80941,10
27,9.9162,10
NaN,NaN,10
NaN,NaN,10
27,7.7353,10
30,3.6503,10
27,10.911,10
NaN,NaN,10
NaN,NaN,10
27,-9.2781,10
30,4.5653,10
27,9.3251,10
NaN,NaN,10
NaN,NaN,10
30,3.9737,10
30,3.6599,10
30,20.245,10
NaN,NaN,10
NaN,NaN,10
30,-6.3147,10
45,-0.018939,10
30,21.068,10
NaN,NaN,10
NaN,NaN,10
30,-7.3077,10
45,2.823,10
30,13.028,10
NaN,NaN,10
NaN,NaN,10
NaN,NaN,10
45,4.6999,10
NaN,NaN,10
NaN,NaN,10
NaN,NaN,10
NaN,NaN,10
NaN,NaN,10
NaN,NaN,10
NaN,NaN,10
-75,29.645,11
-60,36.877,11
-45,-70.098,11
-60,69.09,11
-75,50.505,11
-75,43.944,11
-60,70.969,11
-45,-64.677,11
-60,71.268,11
-75,49.001,11
-75,37.855,11
-60,-51.262,11
-45,-67.108,11
-60,48.913,11
-75,36.826,11
-60,56.226,11
-45,56.902,11
-30,-85.062,11
-45,33.526,11
-60,56.262,11
-60,56.106,11
-45,64.718,11
-30,-49.286,11
-45,39.308,11
-60,42.874,11
-60,46.168,11
-45,56.497,11
-30,-57.443,11
-45,29.318,11
-60,52.589,11
-45,41.767,11
-30,39.637,11
-27,-73.651,11
-30,58.687,11
-45,20.875,11
-45,39.21,11
-30,33.349,11
-27,-64.863,11
-30,38.858,11
-45,43.773,11
-45,22.463,11
-30,44.091,11
-27,-16.898,11
-30,65.854,11
-45,45.48,11
-30,26.422,11
-27,66.523,11
-24,-50.547,11
-27,14.756,11
-30,23.964,11
-30,35.631,11
-27,68.751,11
-24,-27.579,11
-27,13.041,11
-30,21.467,11
-30,51.267,11
-27,71.238,11
-24,-30.158,11
-27,33.797,11
-30,16.103,11
-27,45.407,11
-24,41.031,11
-21,-19.674,11
-24,19.712,11
-27,13.053,11
-27,30.127,11
-24,58.556,11
-21,-49.824,11
-24,38.803,11
-27,25.693,11
-27,37.874,11
-24,66.393,11
-21,35.144,11
-24,68.259,11
-27,34.46,11
-24,49.411,11
-21,61.62,11
-18,-79.865,11
-21,15.975,11
-24,41.862,11
-24,52.284,11
-21,59.763,11
-18,-50.77,11
-21,1.5158,11
-24,38.042,11
-24,19.088,11
-21,-21.428,11
-18,-67.256,11
-21,-21.747,11
-24,26.401,11
-21,41.376,11
-18,29.647,11
-15,-25.694,11
-18,21.767,11
-21,18.141,11
-21,45.765,11
-18,71.288,11
-15,-53.961,11
-18,16.885,11
-21,44.978,11
-21,53.046,11
-18,45.159,11
-15,-72.955,11
-18,10.614,11
-21,54.634,11
-18,35.82,11
-15,52.671,11
-12,67.488,11
-15,64.979,11
-18,44.518,11
-18,46.755,11
-15,14.806,11
-12,-21.353,11
-15,42.266,11
-18,27.049,11
-18,56.216,11
-15,14.927,11
-12,40.651,11
-15,55.887,11
-18,37.37,11
-15,50.686,11
-12,66.355,11
-9,-38.843,11
-12,35.203,11
-15,32.874,11
-15,10.755,11
-12,46.856,11
-9,-27.759,11
-12,62.334,11
-15,36.185,11
-15,41.282,11
-12,14.625,11
-9,-53.024,11
-12,-7.9535,11
-15,25.992,11
-12,2.9908,11
-9,16.127,11
-6,8.6098,11
-9,33.012,11
-12,52.963,11
-12,49.993,11
-9,58.855,11
-6,-28.659,11
-9,-9.0121,11
-12,12.437,11
-12,4.8633,11
-9,44.893,11
-6,-5.7594,11
-9,39.626,11
-12,3.497,11
-9,7.8446,11
-6,13.461,11
-3,-2.9796,11
-6,53.406,11
-9,33.39,11
-9,30.175,11
-6,-6.023,11
-3,-1.0228,11
-6,68.438,11
-9,45.528,11
-9,-6.6676,11
-6,16.169,11
-3,-1.0488,11
-6,65.442,11
-9,52.681,11
-6,22.441,11
-3,54.542,11
0,-35.844,11
-3,12.263,11
-6,45.167,11
-6,37.09,11
-3,56.733,11
0,3.7738,11
-3,52.323,11
-6,50.636,11
-6,4.5355,11
-3,65.959,11
0,-0.48109,11
-3,67.578,11
-6,32.733,11
-3,4.1593,11
-0,61.23,11
0,-1.6051,11
0,66.804,11
-3,26.227,11
-3,42.431,11
-0,69.152,11
3,-0.37976,11
0,59.65,11
-3,36.027,11
-3,45.799,11
-0,12.225,11
3,3.8807,11
0,62.562,11
-3,42.423,11
-0,28.968,11
3,69.134,11
3,6.6848,11
3,65.428,11
0,21.646,11
-0,55.953,11
3,57.783,11
6,10.637,11
3,60.198,11
0,2.4677,11
-0,49.757,11
3,11.503,11
6,7.1737,11
3,70.019,11
0,56.296,11
3,36.23,11
6,66.816,11
6,2.9701,11
6,69.751,11
3,44.533,11
3,24.726,11
6,39.919,11
9,9.162,11
6,39.71,11
3,48.338,11
3,50.339,11
6,30.038,11
9,-63.736,11
6,13.537,11
3,43.714,11
6,42.862,11
9,62.178,11
9,9.6433,11
9,60.466,11
6,55.48,11
6,40.06,11
9,15.236,11
12,10.58,11
9,47.514,11
6,21.875,11
6,15.361,11
9,65.8,11
12,10.355,11
9,69.781,11
6,49.141,11
9,18.486,11
12,39.486,11
12,66.225,11
12,43.105,11
9,43.175,11
9,36.943,11
12,68.213,11
15,48.309,11
12,41.472,11
9,45.107,11
9,41.617,11
12,53.599,11
15,15.94,11
12,47.938,11
9,20.821,11
12,23.273,11
15,44.659,11
15,-21.352,11
15,60.616,11
12,39.685,11
12,43.188,11
15,53.655,11
18,48.637,11
15,37.283,11
12,33.4,11
12,34.395,11
15,14.596,11
18,41.981,11
15,33.764,11
12,32.929,11
15,25.139,11
18,53.236,11
18,60.872,11
18,26.018,11
15,43.124,11
15,27.073,11
18,46.897,11
21,37.515,11
18,33.837,11
15,24.001,11
15,37.458,11
18,45.888,11
21,-43.575,11
18,17.667,11
15,36.673,11
NaN,NaN,11
21,45.683,11
21,28.473,11
21,34.144,11
NaN,NaN,11
NaN,NaN,11
21,45.377,11
24,-81.873,11
21,28.701,11
NaN,NaN,11
NaN,NaN,11
21,24.097,11
24,-5.3403,11
21,42.271,11
NaN,NaN,11
NaN,NaN,11
24,46.355,11
24,29.074,11
24,57.08,11
NaN,NaN,11
NaN,NaN,11
24,38.498,11
27,60.705,11
24,44.62,11
NaN,NaN,11
NaN,NaN,11
24,46.351,11
27,78.527,11
24,51.656,11
NaN,NaN,11
NaN,NaN,11
27,48.096,11
27,-61.89,11
27,35.774,11
NaN,NaN,11
NaN,NaN,11
27,46.246,11
30,39.728,11
27,41.17,11
NaN,NaN,11
NaN,NaN,11
27,68.868,11
30,54.705,11
27,33.016,11
NaN,NaN,11
NaN,NaN,11
30,53.465,11
30,36.8,11
30,61.965,11
NaN,NaN,11
NaN,NaN,11
30,45.015,11
45,49.645,11
30,44.617,11
NaN,NaN,11
NaN,NaN,11
30,44.23,11
45,80.058,11
30,59.554,11
NaN,NaN,11
NaN,NaN,11
NaN,NaN,11
45,25.819,11
NaN,NaN,11
NaN,NaN,11
NaN,NaN,11
NaN,NaN,11
NaN,NaN,11
NaN,NaN,11
NaN,NaN,11
-75,7.1075,12
-60,-56.967,12
-45,20.782,12
-60,25.717,12
-75,8.5135,12
-75,-5.5498,12
-60,4.2884,12
-45,-11.056,12
-60,32.446,12
-75,8.1751,12
-75,22.848,12
-60,-11.45,12
-45,-8.9223,12
-60,20.112,12
-75,18.349,12
-60,8.096,12
-45,6.8647,12
-30,-2.9592,12
-45,16.981,12
-60,20.233,12
-60,12.637,12
-45,0.77415,12
-30,-29.212,12
-45,-16.75,12
-60,14.593,12
-60,18.939,12
-45,-2.2595,12
-30,-28.116,12
-45,-11.955,12
-60,7.4354,12
-45,25.515,12
-30,12.735,12
-27,-25.041,12
-30,23.907,12
-45,19.865,12
-45,5.1491,12
-30,15.912,12
-27,-20.178,12
-30,20.776,12
-45,2.178,12
-45,-14.791,12
-30,-2.6377,12
-27,-3.6879,12
-30,7.734,12
-45,15.141,12
-30,36.016,12
-27,11.653,12
-24,4.41,12
-27,21.207,12
-30,14.953,12
-30,19.228,12
-27,8.5212,12
-24,-5.1132,12
-27,2.9854,12
-30,13.359,12
-30,2.6006,12
-27,6.159,12
-24,-11.071,12
-27,21.046,12
-30,14.292,12
-27,29.786,12
-24,-6.2943,12
-21,7.6936,12
-24,22.998,12
-27,6.3162,12
-27,-2.6173,12
-24,9.4494,12
-21,-4.6394,12
-24,-12.978,12
-27,21.953,12
-27,0.68343,12
-24,-8.0471,12
-21,-7.3842,12
-24,1.0376,12
-27,7.1294,12
-24,22.66,12
-21,-4.1362,12
-18,-20.689,12
-21,21.501,12
-24,12.564,12
-24,17.771,12
-21,1.8869,12
-18,-5.7986,12
-21,-11.576,12
-24,6.7624,12
-24,17.62,12
-21,-12.24,12
-18,-18.355,12
-21,-3.7465,12
-24,14.538,12
-21,31.459,12
-18,-17.148,12
-15,9.3706,12
-18,4.874,12
-21,10.159,12
-21,12.373,12
-18,12.121,12
-15,10.524,12
-18,-18.631,12
-21,0.11499,12
-21,17.297,12
-18,-17.264,12
-15,-15.152,12
-18,0.17331,12
-21,15.558,12
-18,1.539,12
-15,6.9952,12
-12,10.607,12
-15,18.513,12
-18,27.228,12
-18,11.946,12
-15,-0.43978,12
-12,-6.178,12
-15,21.426,12
-18,10.542,12
-18,15.198,12
-15,-13.163,12
-12,-0.93166,12
-15,-16.049,12
-18,11.281,12
-15,24.944,12
-12,-11.302,12
-9,-8.1602,12
-12,8.1178,12
-15,16.157,12
-15,20.802,12
-12,-5.4513,12
-9,-5.2827,12
-12,2.6183,12
-15,19.955,12
-15,9.6843,12
-12,6.8914,12
-9,3.1046,12
-12,-13.277,12
-15,6.6743,12
-12,22.742,12
-9,-4.8451,12
-6,-5.6449,12
-9,24.898,12
-12,11.725,12
-12,-5.7902,12
-9,-8.0776,12
-6,-6.9731,12
-9,20.795,12
-12,19.777,12
-12,13.204,12
-9,3.9598,12
-6,-4.4957,12
-9,-8.3804,12
-12,3.7684,12
-9,18.034,12
-6,1.9004,12
-3,-3.9948,12
-6,29.353,12
-9,3.7365,12
-9,11.201,12
-6,6.7675,12
-3,-3.678,12
-6,9.7478,12
-9,-1.3201,12
-9,7.3898,12
-6,10.944,12
-3,-2.992,12
-6,3.6765,12
-9,-1.8193,12
-6,22.675,12
-3,-0.020005,12
0,-0.33908,12
-3,3.1795,12
-6,18.629,12
-6,21.897,12
-3,6.0969,12
0,-0.20186,12
-3,-3.2903,12
-6,14.121,12
-6,8.7488,12
-3,10.272,12
0,-0.40702,12
-3,-6.3642,12
-6,13.329,12
-3,-2.4363,12
-0,4.4684,12
0,-1.5565,12
0,21.023,12
-3,26.84,12
-3,17.939,12
-0,3.0352,12
3,0.31669,12
0,1.9972,12
-3,9.4404,12
-3,15.664,12
-0,10.231,12
3,2.052,12
0,6.706,12
-3,12.318,12
-0,4.7313,12
3,6.4741,12
3,0.9395,12
3,19.802,12
0,20.507,12
-0,13.467,12
3,11.018,12
6,5.4887,12
3,16.152,12
0,7.8722,12
-0,9.7812,12
3,11.238,12
6,30.178,12
3,0.29848,12
0,13.081,12
3,9.257,12
6,11.665,12
6,1.9486,12
6,8.3892,12
3,1.8291,12
3,27.97,12
6,8.4894,12
9,11.109,12
6,1.7953,12
3,11.529,12
3,28.249,12
6,7.352,12
9,5.7983,12
6,5.8568,12
3,5.1558,12
6,9.8929,12
9,35.851,12
9,8.4778,12
9,17.919,12
6,7.7308,12
6,15.659,12
9,10.229,12
12,10.791,12
9,14.082,12
6,8.6678,12
6,14.942,12
9,9.3856,12
12,1.6832,12
9,14.404,12
6,7.1193,12
9,26.231,12
12,10.086,12
12,-3.0172,12
12,12.614,12
9,18.077,12
9,9.5321,12
12,13.023,12
15,0.39025,12
12,10.624,12
9,9.2532,12
9,10.816,12
12,11.832,12
15,-1.1199,12
12,7.8711,12
9,7.7151,12
12,11.081,12
15,17.739,12
15,7.1968,12
15,14.124,12
12,13.972,12
12,12.606,12
15,20.458,12
18,17.545,12
15,12.518,12
12,8.7234,12
12,12.447,12
15,11.414,12
18,-4.3774,12
15,11.211,12
12,14.916,12
15,15.493,12
18,19.976,12
18,9.8646,12
18,27.045,12
15,14.863,12
15,11.835,12
18,16.615,12
21,19.402,12
18,15.443,12
15,11.904,12
15,9.0684,12
18,15.993,12
21,17.851,12
18,14.392,12
15,15.011,12
NaN,NaN,12
21,18.836,12
21,-4.4839,12
21,17.552,12
NaN,NaN,12
NaN,NaN,12
21,17.91,12
24,12.297,12
21,3.8266,12
NaN,NaN,12
NaN,NaN,12
21,5.7954,12
24,17.88,12
21,14.695,12
NaN,NaN,12
NaN,NaN,12
24,28.079,12
24,-1.4236,12
24,27.628,12
NaN,NaN,12
NaN,NaN,12
24,-13.02,12
27,23.767,12
24,20.343,12
NaN,NaN,12
NaN,NaN,12
24,-5.2334,12
27,7.7414,12
24,22.502,12
NaN,NaN,12
NaN,NaN,12
27,22.976,12
27,23.357,12
27,35.935,12
NaN,NaN,12
NaN,NaN,12
27,23.775,12
30,27.105,12
27,25.775,12
NaN,NaN,12
NaN,NaN,12
27,18.923,12
30,5.6313,12
27,21.52,12
NaN,NaN,12
NaN,NaN,12
30,28.835,12
30,4.8047,12
30,25.245,12
NaN,NaN,12
NaN,NaN,12
30,15.737,12
45,34.838,12
30,2.3165,12
NaN,NaN,12
NaN,NaN,12
30,4.8547,12
45,2.653,12
30,25.98,12
NaN,NaN,12
NaN,NaN,12
NaN,NaN,12
45,38.392,12
NaN,NaN,12
NaN,NaN,12
NaN,NaN,12
NaN,NaN,12
NaN,NaN,12
NaN,NaN,12
NaN,NaN,12
-75,-75.616,13
-60,-63.254,13
-45,-51.809,13
-60,-51.783,13
-75,-76.831,13
-75,-76.38,13
-60,-59.218,13
-45,-47.359,13
-60,-57.446,13
-75,-74.801,13
-75,-74.933,13
-60,-63.948,13
-45,-44.782,13
-60,-60.237,13
-75,37.442,13
-60,-63.348,13
-45,-41.721,13
-30,-28.763,13
-45,-42.997,13
-60,-57.389,13
-60,-60.899,13
-45,-44.435,13
-30,-31.058,13
-45,-46.892,13
-60,-59.757,13
-60,-57.96,13
-45,-44.905,13
-30,-33.815,13
-45,-46.042,13
-60,-63.087,13
-45,-45.563,13
-30,-29.475,13
-27,-27.356,13
-30,-30.985,13
-45,-44.998,13
-45,-44.371,13
-30,-31.625,13
-27,-29.507,13
-30,-31.427,13
-45,-45.968,13
-45,-44.283,13
-30,-30.552,13
-27,-29.693,13
-30,-31.812,13
-45,-44.234,13
-30,-30.204,13
-27,-26.027,13
-24,-22.494,13
-27,-27.129,13
-30,-29.801,13
-30,-30.207,13
-27,-26.77,13
-24,-22.751,13
-27,-27.506,13
-30,-29.939,13
-30,-30.154,13
-27,-26.827,13
-24,-21.412,13
-27,-26.663,13
-30,-31.025,13
-27,-27.283,13
-24,-25.416,13
-21,-20.378,13
-24,-25.481,13
-27,-27.843,13
-27,-26.448,13
-24,-22.363,13
-21,-20.799,13
-24,-26.83,13
-27,-26.187,13
-27,-27.894,13
-24,-23.466,13
-21,-21.587,13
-24,-23.784,13
-27,-27.542,13
-24,-23.291,13
-21,-22.057,13
-18,-18.352,13
-21,-20.69,13
-24,-23.927,13
-24,-23.156,13
-21,-20.997,13
-18,-16.794,13
-21,-21.691,13
-24,-23.052,13
-24,-25.637,13
-21,-21.549,13
-18,-18.693,13
-21,-19.787,13
-24,-24.19,13
-21,-20.695,13
-18,-19.043,13
-15,-15.077,13
-18,-18.094,13
-21,-21.267,13
-21,-21.881,13
-18,-17.948,13
-15,-15.755,13
-18,-17.84,13
-21,-19.227,13
-21,-20.517,13
-18,-18.377,13
-15,-16.788,13
-18,-16.521,13
-21,-17.444,13
-18,-18.423,13
-15,-14.453,13
-12,-12.31,13
-15,-14.767,13
-18,-18.331,13
-18,-17.933,13
-15,-15.377,13
-12,-11.017,13
-15,-14.905,13
-18,-17.913,13
-18,-17.178,13
-15,-14.594,13
-12,-12.815,13
-15,-15.228,13
-18,-17.952,13
-15,-15.527,13
-12,-10.518,13
-9,-9.2489,13
-12,-12.81,13
-15,-11.735,13
-15,-13.436,13
-12,-11.716,13
-9,-9.1611,13
-12,-13.142,13
-15,-14.629,13
-15,-14.838,13
-12,-12.615,13
-9,-8.2034,13
-12,-11.927,13
-15,-15.717,13
-12,-10.116,13
-9,-8.9575,13
-6,-4.7732,13
-9,-9.2754,13
-12,-10.968,13
-12,-11.328,13
-9,-8.7055,13
-6,-6.1177,13
-9,-9.8378,13
-12,-9.2481,13
-12,-12.093,13
-9,-9.4884,13
-6,-5.2928,13
-9,-9.0107,13
-12,-11.543,13
-9,-6.0285,13
-6,-4.0064,13
-3,-4.0652,13
-6,-5.8938,13
-9,-11.096,13
-9,-9.1844,13
-6,-6.395,13
-3,-3.3655,13
-6,-5.8035,13
-9,-9.1887,13
-9,-8.5508,13
-6,-6.4638,13
-3,-3.9026,13
-6,-4.5983,13
-9,-10.777,13
-6,-3.7709,13
-3,-3.8432,13
0,0.87619,13
-3,-3.9296,13
-6,-7.0278,13
-6,-2.386,13
-3,-1.3194,13
0,0.096872,13
-3,-1.6516,13
-6,-5.1912,13
-6,-3.9153,13
-3,-3.9318,13
0,-0.17307,13
-3,-2.8472,13
-6,-10.494,13
-3,-3.905,13
-0,1.5042,13
0,0.032305,13
0,0.015804,13
-3,-1.723,13
-3,1.4994,13
-0,-0.38443,13
3,2.9124,13
0,1.7911,13
-3,-5.6604,13
-3,-1.2991,13
-0,1.4409,13
3,2.8252,13
0,0.42022,13
-3,-2.7356,13
-0,3.353,13
3,3.9925,13
3,3.0007,13
3,3.5937,13
0,-1.4275,13
-0,1.4457,13
3,2.2399,13
6,5.4825,13
3,1.7358,13
0,2.1421,13
-0,2.437,13
3,2.9927,13
6,5.9426,13
3,3.2936,13
0,-0.15553,13
3,3.8674,13
6,7.2516,13
6,4.5257,13
6,7.953,13
3,3.3426,13
3,3.7818,13
6,7.6853,13
9,9.3166,13
6,5.5696,13
3,4.5758,13
3,4.0489,13
6,6.7096,13
9,12.96,13
6,4.7226,13
3,2.9411,13
6,4.3126,13
9,7.9688,13
9,9.5874,13
9,10.193,13
6,4.116,13
6,5.2745,13
9,8.0635,13
12,12.495,13
9,9.2116,13
6,8.9466,13
6,6.199,13
9,8.7577,13
12,8.3327,13
9,10.402,13
6,7.6212,13
9,8.0973,13
12,12.112,13
12,13.211,13
12,14.806,13
9,6.4208,13
9,7.9413,13
12,11.476,13
15,16.144,13
12,11.578,13
9,8.3557,13
9,7.3894,13
12,12.48,13
15,13.127,13
12,7.8769,13
9,11.259,13
12,14.981,13
15,14.668,13
15,16.656,13
15,6.9474,13
12,15.71,13
12,13.354,13
15,14.923,13
18,17.953,13
15,18.841,13
12,9.23,13
12,8.8569,13
15,13.836,13
18,18.856,13
15,13.591,13
12,9.2977,13
15,12.483,13
18,16.753,13
18,17.596,13
18,14.775,13
15,18.025,13
15,-69.217,13
18,19.459,13
21,21.467,13
18,15.938,13
15,11.62,13
15,13.812,13
18,17.787,13
21,21.171,13
18,20.084,13
15,18.632,13
NaN,NaN,13
21,20.596,13
21,21.995,13
21,20.815,13
NaN,NaN,13
NaN,NaN,13
21,21.719,13
24,22.108,13
21,21.006,13
NaN,NaN,13
NaN,NaN,13
21,20.637,13
24,26.963,13
21,22.264,13
NaN,NaN,13
NaN,NaN,13
24,22.673,13
24,25.385,13
24,22.939,13
NaN,NaN,13
NaN,NaN,13
24,22.611,13
27,27.84,13
24,24.113,13
NaN,NaN,13
NaN,NaN,13
24,19.758,13
27,24.424,13
24,23.519,13
NaN,NaN,13
NaN,NaN,13
27,20.783,13
27,27.173,13
27,24.449,13
NaN,NaN,13
NaN,NaN,13
27,24.91,13
30,30.716,13
27,28.001,13
NaN,NaN,13
NaN,NaN,13
27,25.564,13
30,29.83,13
27,25.542,13
NaN,NaN,13
NaN,NaN,13
30,28.78,13
30,27.438,13
30,34.398,13
NaN,NaN,13
NaN,NaN,13
30,30.01,13
45,46.499,13
30,31.447,13
NaN,NaN,13
NaN,NaN,13
30,31.287,13
45,43.476,13
30,32.782,13
NaN,NaN,13
NaN,NaN,13
NaN,NaN,13
45,45.796,13
NaN,NaN,13
NaN,NaN,13
NaN,NaN,13
NaN,NaN,13
NaN,NaN,13
NaN,NaN,13
NaN,NaN,13
-75,-3.2009,14
-60,40.624,14
-45,-0.29572,14
-60,-5.5593,14
-75,-0.71831,14
-75,37.192,14
-60,-50.547,14
-45,0.35601,14
-60,1.5478,14
-75,6.2347,14
-75,5.6364,14
-60,7.9839,14
-45,1.3209,14
-60,-9.0315,14
-75,6.703,14
-60,16.852,14
-45,-4.4222,14
-30,0.96246,14
-45,2.0437,14
-60,9.082,14
-60,14.344,14
-45,5.9022,14
-30,-21.966,14
-45,-7.3212,14
-60,-15.906,14
-60,9.5504,14
-45,11.563,14
-30,-26.936,14
-45,-12.621,14
-60,9.5446,14
-45,27.476,14
-30,13.327,14
-27,0.44144,14
-30,-8.7934,14
-45,-2.0019,14
-45,25.398,14
-30,-29.954,14
-27,0.68849,14
-30,-14.376,14
-45,6.784,14
-45,47.313,14
-30,8.3984,14
-27,0.29066,14
-30,-1.7158,14
-45,3.0893,14
-30,35.105,14
-27,17.129,14
-24,1.6962,14
-27,7.5037,14
-30,7.6341,14
-30,12.264,14
-27,-9.5891,14
-24,-22.058,14
-27,-7.6324,14
-30,14.97,14
-30,30.648,14
-27,15.249,14
-24,-17.344,14
-27,-3.2975,14
-30,-0.38977,14
-27,21.442,14
-24,9.8751,14
-21,-17.839,14
-24,7.5229,14
-27,11.538,14
-27,46.71,14
-24,8.8084,14
-21,-0.37771,14
-24,-3.885,14
-27,1.0529,14
-27,17.823,14
-24,-23.689,14
-21,-8.5843,14
-24,-3.8285,14
-27,10.291,14
-24,51.826,14
-21,14.743,14
-18,0.42609,14
-21,-20.202,14
-24,7.72,14
-24,15.239,14
-21,4.6586,14
-18,1.1526,14
-21,-18.725,14
-24,3.0568,14
-24,37.272,14
-21,-2.4646,14
-18,-2.3697,14
-21,-13.67,14
-24,-3.8584,14
-21,41.872,14
-18,-4.1943,14
-15,-3.8711,14
-18,7.0823,14
-21,-21.219,14
-21,-17.472,14
-18,9.1375,14
-15,-10.671,14
-18,13.005,14
-21,4.0017,14
-21,-0.21954,14
-18,-13.556,14
-15,1.8012,14
-18,4.0267,14
-21,9.5066,14
-18,22.4,14
-15,32.577,14
-12,-8.9535,14
-15,-11,14
-18,16.122,14
-18,21.496,14
-15,25.416,14
-12,-0.25996,14
-15,8.9046,14
-18,-15.306,14
-18,40.026,14
-15,12.723,14
-12,-6.8664,14
-15,-14.174,14
-18,-17.569,14
-15,27.16,14
-12,18.557,14
-9,-8.3105,14
-12,19.936,14
-15,9.3739,14
-15,49.258,14
-12,-11.488,14
-9,-1.7197,14
-12,-9.6516,14
-15,-11.3,14
-15,34.738,14
-12,9.9995,14
-9,-6.2835,14
-12,-11.496,14
-15,-13.065,14
-12,36.113,14
-9,-6.1964,14
-6,-5.3836,14
-9,-7.3204,14
-12,-9.5358,14
-12,8.2132,14
-9,-7.9177,14
-6,-5.0897,14
-9,-7.5953,14
-12,-11.893,14
-12,-12.869,14
-9,-10.061,14
-6,-3.8812,14
-9,-10.063,14
-12,-11.244,14
-9,10.434,14
-6,-7.1009,14
-3,-0.65661,14
-6,-4.8845,14
-9,-6.6164,14
-9,-8.2085,14
-6,18.903,14
-3,-0.50088,14
-6,-4.8444,14
-9,-9.5769,14
-9,35.356,14
-6,-5.945,14
-3,0.78401,14
-6,-5.2498,14
-9,-8.8306,14
-6,-4.1847,14
-3,-3.5119,14
0,-0.24858,14
-3,-0.80249,14
-6,-6.7075,14
-6,20.926,14
-3,-3.3545,14
0,-0.026275,14
-3,-3.9973,14
-6,-4.657,14
-6,-7.3044,14
-3,2.1388,14
0,7.1047,14
-3,-2.3704,14
-6,-7.1724,14
-3,2.5912,14
-0,0.86792,14
0,0.54125,14
0,-0.28919,14
-3,-1.8347,14
-3,23.26,14
-0,-3.1375,14
3,0.54872,14
0,5.6118,14
-3,-3.3207,14
-3,50.157,14
-0,-5.3101,14
3,2.9424,14
0,0.9044,14
-3,-2.1689,14
-0,20.794,14
3,-1.7993,14
3,-0.85786,14
3,5.6436,14
0,-1.6362,14
-0,-1.5489,14
3,3.182,14
6,7.5032,14
3,3.3273,14
0,-2.0797,14
-0,3.8166,14
3,-1.851,14
6,7.7182,14
3,3.1651,14
0,1.7026,14
3,0.57758,14
6,1.1551,14
6,5.1062,14
6,5.277,14
3,0.45424,14
3,14.829,14
6,2.4804,14
9,-0.19282,14
6,2.7367,14
3,0.88141,14
3,0.46591,14
6,2.866,14
9,7.8012,14
6,5.2584,14
3,0.52447,14
6,44,14
9,9.7925,14
9,10.935,14
9,8.3058,14
6,0.89803,14
6,2.4624,14
9,6.266,14
12,-1.5823,14
9,7.1274,14
6,3.4319,14
6,-3.196,14
9,7.5482,14
12,10.57,14
9,7.0987,14
6,2.6402,14
9,44.33,14
12,8.7452,14
12,0.40042,14
12,11.056,14
9,3.5997,14
9,4.4582,14
12,3.7727,14
15,-22.901,14
12,11.59,14
9,-10.646,14
9,42.396,14
12,-7.1057,14
15,1.6991,14
12,9.8361,14
9,10.135,14
12,21.484,14
15,6.5998,14
15,15.363,14
15,9.1024,14
12,2.3894,14
12,8.4613,14
15,19.683,14
18,-4.2605,14
15,18.336,14
12,7.8858,14
12,32.139,14
15,12.083,14
18,19.738,14
15,14.407,14
12,5.3541,14
15,10.536,14
18,19.628,14
18,5.3501,14
18,16.93,14
15,10.931,14
15,17.967,14
18,13.483,14
21,-8.913,14
18,13.137,14
15,10.922,14
15,9.4535,14
18,70.172,14
21,17.741,14
18,10.132,14
15,8.8952,14
NaN,NaN,14
21,16.256,14
21,19.949,14
21,9.2469,14
NaN,NaN,14
NaN,NaN,14
21,13.475,14
24,-2.2647,14
21,20.112,14
NaN,NaN,14
NaN,NaN,14
21,6.3235,14
24,0.19979,14
21,14.516,14
NaN,NaN,14
NaN,NaN,14
24,16.911,14
24,-0.28034,14
24,19.379,14
NaN,NaN,14
NaN,NaN,14
24,23.646,14
27,-0.42296,14
24,17.158,14
NaN,NaN,14
NaN,NaN,14
24,17.444,14
27,0.0046747,14
24,13.964,14
NaN,NaN,14
NaN,NaN,14
27,18.247,14
27,27.152,14
27,20.56,14
NaN,NaN,14
NaN,NaN,14
27,20.911,14
30,0.042415,14
27,20.244,14
NaN,NaN,14
NaN,NaN,14
27,17.303,14
30,-0.59742,14
27,23.759,14
NaN,NaN,14
NaN,NaN,14
30,39.27,14
30,5.0503,14
30,22.333,14
NaN,NaN,14
NaN,NaN,14
30,10.524,14
45,35.041,14
30,23.665,14
NaN,NaN,14
NaN,NaN,14
30,32.378,14
45,36.106,14
30,21.051,14
NaN,NaN,14
NaN,NaN,14
NaN,NaN,14
45,38.38,14
NaN,NaN,14
NaN,NaN,14
NaN,NaN,14
NaN,NaN,14
NaN,NaN,14
NaN,NaN,14
NaN,NaN,14
-75,-1.896,15
-60,-54.052,15
-45,0.14947,15
-60,9.0629,15
-75,10.574,15
-75,-6.4104,15
-60,-17.243,15
-45,-0.068756,15
-60,8.0126,15
-75,5.2046,15
-75,-3.8076,15
-60,-17.114,15
-45,0.83468,15
-60,3.505,15
-75,7.3531,15
-60,-5.497,15
-45,-44.385,15
-30,6.2824,15
-45,7.3005,15
-60,4.4257,15
-60,-1.3421,15
-45,-4.0294,15
-30,0.17949,15
-45,3.5541,15
-60,6.9672,15
-60,-4.1857,15
-45,-40.462,15
-30,1.2037,15
-45,5.6493,15
-60,-2.2092,15
-45,-6.5286,15
-30,-27.631,15
-27,3.6548,15
-30,5.3631,15
-45,3.0076,15
-45,-1.9256,15
-30,-1.2788,15
-27,0.53416,15
-30,3.9465,15
-45,8.0886,15
-45,-0.92774,15
-30,-1.5542,15
-27,3.1206,15
-30,3.7428,15
-45,3.0556,15
-30,2.1002,15
-27,-27.443,15
-24,3.5591,15
-27,5.8671,15
-30,3.3734,15
-30,-12.21,15
-27,-5.8478,15
-24,1.6781,15
-27,2.6937,15
-30,4.0877,15
-30,-3.1856,15
-27,-27.972,15
-24,0.86181,15
-27,3.0009,15
-30,0.91548,15
-27,1.677,15
-24,-23.951,15
-21,7.5589,15
-24,3.3703,15
-27,6.418,15
-27,-3.0103,15
-24,0.50102,15
-21,-0.27856,15
-24,7.9045,15
-27,7.1959,15
-27,-5.3862,15
-24,-24.338,15
-21,-0.88231,15
-24,3.4061,15
-27,2.552,15
-24,-6.7767,15
-21,-19.957,15
-18,0.4696,15
-21,17.633,15
-24,4.1359,15
-24,-3.2321,15
-21,-8.7723,15
-18,1.0458,15
-21,6.8298,15
-24,7.8047,15
-24,1.3843,15
-21,-16.461,15
-18,-7.1292,15
-21,4.6481,15
-24,2.5214,15
-21,-0.91299,15
-18,-18.429,15
-15,1.4313,15
-18,3.3171,15
-21,5.9974,15
-21,-3.873,15
-18,-19.248,15
-15,-0.18021,15
-18,8.5897,15
-21,-2.648,15
-21,-4.2048,15
-18,-18.592,15
-15,0.20865,15
-18,3.2801,15
-21,3.0865,15
-18,1.2398,15
-15,-9.0576,15
-12,-0.4737,15
-15,6.3491,15
-18,4.2914,15
-18,-12.519,15
-15,-14.936,15
-12,-0.461,15
-15,7.9852,15
-18,4.5685,15
-18,-2.4939,15
-15,-13.815,15
-12,2.3744,15
-15,3.6669,15
-18,9.207,15
-15,-16.913,15
-12,-5.0886,15
-9,8.2562,15
-12,4.57,15
-15,2.6893,15
-15,-15.057,15
-12,-10.426,15
-9,6.4278,15
-12,2.2177,15
-15,10.421,15
-15,1.5139,15
-12,-12.42,15
-9,4.7663,15
-12,11.717,15
-15,2.819,15
-12,-7.6205,15
-9,-8.6625,15
-6,6.7324,15
-9,12.884,15
-12,7.9181,15
-12,-7.8912,15
-9,-3.7192,15
-6,-5.06,15
-9,-7.9353,15
-12,4.8635,15
-12,-15.809,15
-9,-8.1286,15
-6,0.39194,15
-9,7.2431,15
-12,-2.3756,15
-9,-10.142,15
-6,-5.2296,15
-3,-0.3577,15
-6,11.456,15
-9,2.2838,15
-9,-1.8489,15
-6,-5.112,15
-3,-1.252,15
-6,-2.878,15
-9,3.8819,15
-9,1.7996,15
-6,-6.9846,15
-3,-1.151,15
-6,9.2873,15
-9,7.9714,15
-6,-8.0619,15
-3,-6.5106,15
0,0.25527,15
-3,10.679,15
-6,11.993,15
-6,-11.964,15
-3,-4.1149,15
0,-0.11982,15
-3,2.9465,15
-6,8.7774,15
-6,-9.1825,15
-3,-5.4614,15
0,0.60466,15
-3,-3.0717,15
-6,-0.067073,15
-3,-7.423,15
-0,-3.3161,15
0,0.30966,15
0,0.011242,15
-3,-1.905,15
-3,-10.073,15
-0,-0.2522,15
3,3.3733,15
0,-0.28478,15
-3,10.037,15
-3,-10.568,15
-0,-4.6394,15
3,2.8117,15
0,2.1587,15
-3,-4.1073,15
-0,-3.3679,15
3,-0.029401,15
3,0.62514,15
3,5.9896,15
0,-0.020223,15
-0,-6.8854,15
3,0.29337,15
6,6.6099,15
3,3.5939,15
0,-0.17626,15
-0,-8.9805,15
3,-0.88326,15
6,6.757,15
3,1.765,15
0,-3.5342,15
3,-4.6473,15
6,0.31697,15
6,6.4942,15
6,6.9475,15
3,3.5603,15
3,-5.5063,15
6,0.95859,15
9,8.421,15
6,5.8007,15
3,0.44264,15
3,-6.5411,15
6,-0.8637,15
9,7.863,15
6,5.7981,15
3,-0.94907,15
6,-5.4403,15
9,2.917,15
9,7.4998,15
9,10.219,15
6,5.4415,15
6,-3.55,15
9,6.2957,15
12,13.227,15
9,7.9554,15
6,3.0268,15
6,-1.3476,15
9,1.0283,15
12,9.6256,15
9,5.7597,15
6,2.3683,15
9,2.9406,15
12,3.3876,15
12,11.138,15
12,9.4367,15
9,4.9122,15
9,-3.9508,15
12,0.97196,15
15,11.772,15
12,6.6638,15
9,5.5749,15
9,-3.9597,15
12,-0.53809,15
15,8.767,15
12,9.7844,15
9,10.649,15
12,0.034834,15
15,5.7227,15
15,13.212,15
15,13.497,15
12,6.9998,15
12,2.7092,15
15,5.3879,15
18,15.523,15
15,11.629,15
12,8.2032,15
12,3.5422,15
15,-0.6829,15
18,15.764,15
15,11.187,15
12,9.2731,15
15,5.0122,15
18,6.7521,15
18,15.934,15
18,17.275,15
15,10.278,15
15,2.7136,15
18,6.6837,15
21,16.102,15
18,14.683,15
15,8.6885,15
15,-0.29332,15
18,5.506,15
21,19.276,15
18,15.894,15
15,9.8515,15
NaN,NaN,15
21,6.3994,15
21,0.79417,15
21,17.072,15
NaN,NaN,15
NaN,NaN,15
21,3.6868,15
24,22.008,15
21,16.704,15
NaN,NaN,15
NaN,NaN,15
21,5.5453,15
24,20.852,15
21,15.853,15
NaN,NaN,15
NaN,NaN,15
24,-2.974,15
24,2.4696,15
24,20.561,15
NaN,NaN,15
NaN,NaN,15
24,5.0521,15
27,23.078,15
24,20.431,15
NaN,NaN,15
NaN,NaN,15
24,8.2665,15
27,13.537,15
24,17.655,15
NaN,NaN,15
NaN,NaN,15
27,-2.182,15
27,23.303,15
27,21.64,15
NaN,NaN,15
NaN,NaN,15
27,-2.8716,15
30,26.831,15
27,20.517,15
NaN,NaN,15
NaN,NaN,15
27,-5.0514,15
30,25.946,15
27,22.04,15
NaN,NaN,15
NaN,NaN,15
30,1.8473,15
30,2.2195,15
30,20.921,15
NaN,NaN,15
NaN,NaN,15
30,5.5468,15
45,2.0347,15
30,27.017,15
NaN,NaN,15
NaN,NaN,15
30,-2.7166,15
45,36.599,15
30,22.468,15
NaN,NaN,15
NaN,NaN,15
NaN,NaN,15
45,38.633,15
NaN,NaN,15
NaN,NaN,15
NaN,NaN,15
NaN,NaN,15
NaN,NaN,15
NaN,NaN,15
NaN,NaN,15
-75,9.7528,16
-60,-54.177,16
-45,-30.774,16
-60,-59.472,16
-75,-4.7059,16
-75,28.683,16
-60,-45.723,16
-45,-36.205,16
-60,-0.9093,16
-75,-2.6105,16
-75,56.25,16
-60,51.276,16
-45,-32.906,16
-60,-4.4779,16
-75,-4.282,16
-60,-50.226,16
-45,-43.18,16
-30,-23.751,16
-45,-4.8468,16
-60,-13.575,16
-60,-4.0941,16
-45,1.9943,16
-30,-25.098,16
-45,-6.6345,16
-60,-17.824,16
-60,-2.4441,16
-45,-41.127,16
-30,-23.132,16
-45,-39.079,16
-60,-13.187,16
-45,0.39642,16
-30,-29.342,16
-27,-24.911,16
-30,-29.452,16
-45,-13.006,16
-45,-16.245,16
-30,-27.52,16
-27,-10.404,16
-30,-25.322,16
-45,-12.804,16
-45,-13.96,16
-30,-25.505,16
-27,-22.642,16
-30,-30.274,16
-45,-42.447,16
-30,-21.774,16
-27,-3.7578,16
-24,-17.836,16
-27,-21.514,16
-30,-30.605,16
-30,6.7812,16
-27,-25.149,16
-24,-20.726,16
-27,-6.3916,16
-30,-31.093,16
-30,-18.867,16
-27,-2.8691,16
-24,-14.906,16
-27,-22.559,16
-30,-31.904,16
-27,-4.8652,16
-24,2.9033,16
-21,-18.25,16
-24,-21.847,16
-27,-25.619,16
-27,-11.855,16
-24,-10.971,16
-21,-15.714,16
-24,-22.286,16
-27,-25.314,16
-27,-10.042,16
-24,-20.999,16
-21,-14.661,16
-24,-22.4,16
-27,-26.1,16
-24,-9.8349,16
-21,-19.867,16
-18,-14.753,16
-21,-21.27,16
-24,-23.275,16
-24,-23.553,16
-21,-9.4044,16
-18,-14.799,16
-21,-19.482,16
-24,-16.317,16
-24,-16.476,16
-21,-6.7437,16
-18,-18.263,16
-21,-20.331,16
-24,-24.8,16
-21,-23.381,16
-18,-18.191,16
-15,-14.599,16
-18,-18.537,16
-21,-20.696,16
-21,-21.976,16
-18,-10.636,16
-15,-13.12,16
-18,-19.329,16
-21,-20.113,16
-21,-21.51,16
-18,-7.8113,16
-15,-14.363,16
-18,-19.828,16
-21,-21.324,16
-18,-20.482,16
-15,-15.258,16
-12,-9.0837,16
-15,-14.538,16
-18,-10.991,16
-18,-19.755,16
-15,-14.481,16
-12,-9.3021,16
-15,-14.777,16
-18,-2.9512,16
-18,-15.528,16
-15,-15.143,16
-12,-10.213,16
-15,-14.005,16
-18,-19.562,16
-15,-7.5779,16
-12,-12.316,16
-9,-8.7449,16
-12,-11.342,16
-15,-17.019,16
-15,-9.2877,16
-12,-12.282,16
-9,-6.0384,16
-12,-12.502,16
-15,-15.856,16
-15,-18.286,16
-12,-11.484,16
-9,-9.1734,16
-12,-11.554,16
-15,-16.051,16
-12,-13.15,16
-9,-8.8521,16
-6,-7.0389,16
-9,-9.0008,16
-12,-8.857,16
-12,-14.806,16
-9,-7.4692,16
-6,-5.4668,16
-9,-8.1923,16
-12,-13.905,16
-12,-13.235,16
-9,-6.7133,16
-6,-5.3695,16
-9,-8.6537,16
-12,-12.612,16
-9,-11.753,16
-6,-5.2431,16
-3,-5.4485,16
-6,-6.4872,16
-9,-9.0917,16
-9,11.138,16
-6,-3.478,16
-3,-3.0452,16
-6,-7.1695,16
-9,-11.856,16
-9,-10.052,16
-6,-5.8262,16
-3,-1.8536,16
-6,-6.683,16
-9,-13.682,16
-6,-10.342,16
-3,-5.0758,16
0,-0.55284,16
-3,-0.92678,16
-6,-12.769,16
-6,-1.1725,16
-3,-3.6662,16
0,-2.8896,16
-3,-6.9276,16
-6,-9.6878,16
-6,-9.6356,16
-3,-2.4017,16
0,-0.49214,16
-3,-3.0281,16
-6,-14.838,16
-3,-5.165,16
-0,-0.99742,16
0,-0.27195,16
0,-1.2822,16
-3,-7.0704,16
-3,-8.1224,16
-0,-5.0407,16
3,4.0279,16
0,0.32497,16
-3,-7.1859,16
-3,-6.0575,16
-0,-1.2166,16
3,2.4687,16
0,-2.7238,16
-3,-9.4835,16
-0,-0.80663,16
3,-1.1746,16
3,-1.0154,16
3,-0.94687,16
0,-8.1779,16
-0,1.3311,16
3,1.0159,16
6,5.4328,16
3,2.7131,16
0,-8.0689,16
-0,-4.4754,16
3,3.0976,16
6,3.9676,16
3,1.5725,16
0,-5.1108,16
3,-2.0795,16
6,2.8275,16
6,5.6922,16
6,0.30077,16
3,-2.9334,16
3,-1.3002,16
6,2.2006,16
9,-4.8396,16
6,5.6707,16
3,-0.4138,16
3,-0.072061,16
6,1.5613,16
9,7.7807,16
6,-2.0204,16
3,-1.2796,16
6,0.3719,16
9,4.1537,16
9,7.7339,16
9,6.3503,16
6,0.68635,16
6,-0.15861,16
9,7.0386,16
12,7.9331,16
9,2.1625,16
6,4.0132,16
6,4.1482,16
9,5.603,16
12,5.283,16
9,2.923,16
6,-1.3213,16
9,2.93,16
12,9.888,16
12,10.573,16
12,15.319,16
9,-5.8215,16
9,3.2879,16
12,7.6573,16
15,11.867,16
12,5.7084,16
9,1.554,16
9,0.3571,16
12,10.38,16
15,13.749,16
12,8.0762,16
9,2.3986,16
12,3.7251,16
15,11.08,16
15,8.4438,16
15,13.36,16
12,10.062,16
12,4.2659,16
15,10.723,16
18,16.754,16
15,11.61,16
12,7.1385,16
12,5.4773,16
15,9.9471,16
18,12.684,16
15,8.0374,16
12,5.6914,16
15,9.0887,16
18,7.6463,16
18,9.3282,16
18,13.625,16
15,7.362,16
15,-1.7389,16
18,8.5957,16
21,14.067,16
18,11.699,16
15,26.707,16
15,5.1572,16
18,15.08,16
21,19.071,16
18,4.486,16
15,16.05,16
NaN,NaN,16
21,11.24,16
21,19.977,16
21,13.781,16
NaN,NaN,16
NaN,NaN,16
21,19.218,16
24,21.015,16
21,10.023,16
NaN,NaN,16
NaN,NaN,16
21,16.411,16
24,20.031,16
21,12.292,16
NaN,NaN,16
NaN,NaN,16
24,16.353,16
24,17.273,16
24,15.008,16
NaN,NaN,16
NaN,NaN,16
24,19.629,16
27,19.84,16
24,12.949,16
NaN,NaN,16
NaN,NaN,16
24,21.008,16
27,19.218,16
24,20.656,16
NaN,NaN,16
NaN,NaN,16
27,17.236,16
27,23.718,16
27,13.792,16
NaN,NaN,16
NaN,NaN,16
27,11.114,16
30,25.958,16
27,14.589,16
NaN,NaN,16
NaN,NaN,16
27,17.413,16
30,24.269,16
27,15.533,16
NaN,NaN,16
NaN,NaN,16
30,16.835,16
30,21.611,16
30,61.248,16
NaN,NaN,16
NaN,NaN,16
30,23.548,16
45,-5.2265,16
30,20.286,16
NaN,NaN,16
NaN,NaN,16
30,21.063,16
45,-83.803,16
30,25.206,16
NaN,NaN,16
NaN,NaN,16
NaN,NaN,16
45,-50.243,16
NaN,NaN,16
NaN,NaN,16
NaN,NaN,16
NaN,NaN,16
NaN,NaN,16
NaN,NaN,16
NaN,NaN,16
